"CC(C)(C)c1cc(N2CCN(CC2)C(=O)c3cocc3)n4nc(cc4n1)c5ccccc5","non-substrate"
"Cc1ccc(cc1)c2cc3nc(cc(N4CCN(CC4)C(=O)c5cocc5)n3n2)c6occc6","non-substrate"
"COc1cccc(c1)c2cc3nc(C)c(C)c(N4CCN(CC4)C(=O)c5cocc5)n3n2","non-substrate"
"C1CN(CCN1)c2cc(nc3cc(nn23)c4ccccc4)c5occc5","non-substrate"
"COc1cccc(c1)c2cc3nc(cc(N4CCN(CC4)C(=O)c5cocc5)n3n2)c6occc6","non-substrate"
"CCOC(=O)c1c(C)nc2sc(C(=O)c3ccc(OC)cc3)c(N)c2c1c4ccccc4","non-substrate"
"COc1cccc(c1)c2ccccc2CCN3CCc4cc(OC)c(OC)cc4C3","non-substrate"
"OC[C@@]12C3N(Cc4ccc(OCc5ccccc5)cc4)C6[C@]7(CO)C(N(Cc8ccc(OCc9ccccc9)cc8)C1[C@@]3(CO)[C@H]7c%10ccccc%10)[C@@]6(CO)[C@H]2c%11ccccc%11","non-substrate"
"[O-][N+](=O)c1ccccc1c2onc(n2)c3oc(Br)cc3","non-substrate"
"COc1cc(OC)cc(c1)c2cc3nc(C)c(C)c(N4CCN(CC4)C(=O)c5cocc5)n3n2","non-substrate"
"Clc1cccc(c1)c2cc3nc(cc(N4CCN(CC4)C(=O)c5cocc5)n3n2)c6occc6","non-substrate"
"Cc1cc(N2CCN(CC2)C(=O)c3occc3)n4nc(nc4n1)c5ccccc5","non-substrate"
"COc1ccc(cc1)c2ccc3OCC(=Cc3c2)CC(=O)N4CCc5cc(OC)c(OC)cc5C4","non-substrate"
"OCCNc1nc(Cl)nc(Nc2ccc(cc2)[N+](=O)[O-])n1","non-substrate"
"COc1cc2CCN(CCc3ccc(NC(=O)c4ccccc4NC(=O)\C=C\c5ccccc5)cc3)Cc2cc1OC","non-substrate"
"Cc1nc2cc(nn2c(N3CCN(CC3)C(=O)c4cocc4)c1C)c5ccncc5","non-substrate"
"C[C@H]1N2C(=O)c3cc(I)ccc3N=C2[C@@H]4C[C@@]5([C@H](N4C1=O)N(C(=O)C)c6ccccc56)C(C)(C)C=C","non-substrate"
"O=C(N1CCN(CC1)c2cc(nc3cc(nn23)c4ccccc4)c5cocc5)c6cocc6","non-substrate"
"CN(CCN(C)c1cc(nc2cc(nn12)c3ccccc3)c4occc4)C(=O)c5cocc5","non-substrate"
"COc1cccc(c1)c2cc3nc(C)c(C(C)C)c(N4CCN(CC4)C(=O)c5cocc5)n3n2","non-substrate"
"Clc1ccc(cc1)c2cc3nc(cc(N4CCN(CC4)C(=O)c5cocc5)n3n2)c6occc6","non-substrate"
"COc1ccc(cc1)c2oc(CN3CCc4cc(OC)c(OC)cc4C3)cc2","non-substrate"
"O=C(N1CCN(CC1)c2cc(nc3cc(nn23)c4ccccc4)c5occc5)c6ccccc6","non-substrate"
"CC(=O)N1CCN(CC1)c2cc(nc3cc(nn23)c4cccc(Cl)c4)c5occc5","non-substrate"
"COc1cccc(c1)c2cc3nc(cc(N4CCN(CC4)C(=O)C)n3n2)c5occc5","non-substrate"
"Fc1cccc(c1)c2cc(N3CCN(CC3)C(=O)c4cocc4)n5nc(cc5n2)c6cccc(Cl)c6","non-substrate"
"CN(C)c1cc(nc2cc(nn12)c3ccccc3)c4occc4","non-substrate"
"COc1cc2CCN(Cc3oc(cc3)c4ccc(O)cc4)Cc2cc1OC","non-substrate"
"COc1ccc(cc1)c2ccc3OCC(=Cc3c2)CCN4CCc5cc(OC)c(OC)cc5C4","non-substrate"
"COc1cc2CCN(CCc3ccccc3c4cccc(O)c4)Cc2cc1OC","non-substrate"
"OC[C@@]12C3N(Cc4ccccc4)C5[C@]6(CO)C(N(Cc7ccccc7)C1[C@@]3(CO)[C@H]6c8ccncc8)[C@@]5(CO)[C@H]2c9ccncc9","non-substrate"
"COc1cc(OC)c2C(=O)C=C(Oc2c1)N3CCN(C)CC3","non-substrate"
"C[C@H]1N2C(=O)c3cc(ccc3N=C2[C@@H]4C[C@@]5([C@H](N4C1=O)N(C(=O)C)c6ccccc56)C(C)(C)C=C)C#N","non-substrate"
"COCCOC(=O)c1c(C)nc2sc(C(=O)c3cc(OC)c(OC)c(OC)c3)c(N)c2c1c4cc(OC)c(OC)c(OC)c4","non-substrate"
"COc1ccc(cc1)c2ccc(OCCCN3CCc4cc(OC)c(OC)cc4C3)cc2","non-substrate"
"COc1ccc(\C=C\C(=O)c2ccc(Nc3nc(nc4ccccc34)c5ccccc5)cc2)cc1OC","non-substrate"
"Cc1nc2cc(nn2c(N3CCN(CC3)C(=O)c4occc4)c1C)c5ccc(F)cc5","non-substrate"
"Cc1occ(C)c1C(=O)N2CCN(CC2)c3cc(nc4cc(nn34)c5ccccc5)c6occc6","non-substrate"
"CC1CN(CCN1c2cc(nc3cc(nn23)c4ccccc4)c5occc5)C(=O)OC(C)(C)C","non-substrate"
"COc1ccc(cc1)c2cc(N3CCN(CC3)C(=O)c4cocc4)n5nc(cc5n2)c6ccccc6","non-substrate"
"COc1ccc(cc1)c2ccc(OCCN3CCc4cc(OC)c(OC)cc4C3)cc2","non-substrate"
"COc1ccc2cc(ccc2c1)c3nc(CN4CCc5cc(OC)c(OC)cc5C4)cs3","non-substrate"
"CCOc1ccc(cc1)n2nnc(n2)c3ccccc3NC(=O)c4ccc(cc4)C(F)(F)F","non-substrate"
"COc1ccccc1c2cc(N3CCN(CC3)C(=O)c4cocc4)n5nc(cc5n2)c6ccccc6","non-substrate"
"C[C@H]1N2C(=O)c3cc(Cl)ccc3N=C2[C@@H]4C[C@@]5([C@H](N4C1=O)N(C(=O)C)c6ccccc56)C(C)(C)C=C","non-substrate"
"CC\C(=C(/c1ccc(O)cc1)\c2ccc(OCCN(C)C)cc2)\c3ccc(OCc4ccccc4)cc3","non-substrate"
"Cc1nc2cc(nn2c(N3CCN(CC3)C(=O)c4occc4)c1C)c5cccc(F)c5","non-substrate"
"COc1ccc(\C=N\NC(=O)c2ccccc2F)cc1CN3CCN(CC3)c4ccc(F)cc4","non-substrate"
"COc1ccc2[C@H]3[C@@H](OCc2c1)C(C)(C)OC4=C3C(=O)C5=C([C@@H]6[C@@H](COc7cc(OC)ccc67)C(C)(C)O5)C4=O","non-substrate"
"C[C@H]1N2C(=O)c3ccccc3N=C2[C@@H]4C[C@@]5([C@H](N4C1=O)N(C(=O)C)c6ccc(cc56)c7ccccc7)C(C)(C)C=C","non-substrate"
"COc1ccc(cc1)c2nn(cc2\C=C\C(=O)N3CCN(CC3)c4ccccn4)c5ccccc5","non-substrate"
"COc1cc2CCN(CCc3ccc(NC(=O)c4ccccc4NS(=O)(=O)c5ccc(C)cc5)cc3)Cc2cc1OC","non-substrate"
"C[C@H]1N2C(=O)c3ccccc3N=C2[C@@H]4C[C@@]5([C@H](N4C1=O)N(C(=O)C)c6ccc(cc56)c7ccc(cc7)c8ccccc8)C(C)(C)C=C","non-substrate"
"COc1cccc(c1)c2cc3nc(cc(N4CCN(CC4)C(=O)c5cocc5)n3n2)c6ccccc6","non-substrate"
"CC1CN(CCN1c2cc(nc3cc(nn23)c4ccccc4)c5occc5)C(=O)c6cocc6","non-substrate"
"COc1ccc(cc1)C(=O)c2sc3nc(C)cc(c4cc(OC)c(OC)c(OC)c4)c3c2N","non-substrate"
"CCCCCCCC\C=C/CCCCCCCC(=O)OC(COC(=O)CCCCCCC\C=C\CCCCCCCC)COP(=O)(O)OC[C@H](Nc1ccc(c2nonc12)[N+](=O)[O-])C(=O)O","substrate"
"COc1ccc(cc1)c2ccc(NCCCN3CCc4cc(OC)c(OC)cc4C3)cc2","non-substrate"
"O[C@@H]1[C@@H](O)[C@H](Oc2ccc(cc2O)C3=CC(=O)c4c(O)cc(O)cc4O3)O[C@@H]([C@H]1O)C(=O)O","non-substrate"
"COc1cc2CCN(CCc3ccc(NC(=O)c4ccccc4NS(=O)(=O)c5ccc(cc5)C(C)(C)C)cc3)Cc2cc1OC","non-substrate"
"COc1cc2CCN(CCc3ccc(NC(=O)c4ccccc4NC(=O)c5ccc(F)cc5[N+](=O)[O-])cc3)Cc2cc1OC","non-substrate"
"CCOC(=O)c1c2CCN(Cc3ccccc3)Cc2sc1NC(=O)CSc4ncccn4","non-substrate"
"C(N1CCN(CC1)c2cc(nc3cc(nn23)c4ccccc4)c5occc5)c6ccccc6","non-substrate"
"Cc1occc1C(=O)N2CCN(CC2)c3cc(nc4cc(nn34)c5ccccc5)c6occc6","non-substrate"
"COc1ccc(cc1)c2oc(cc2)C(=O)N3CCc4cc(OC)c(OC)cc4C3","non-substrate"
"COc1cc2CCN(Cc2cc1OC)C(=O)c3oc(cc3)c4ccc(O)cc4","non-substrate"
"COc1cc(OC)c2C(=O)C=C(NCCCN3CCOCC3)Oc2c1","non-substrate"
"COc1ccc(cc1)c2cc3nc(cc(N4CCN(CC4)C(=O)c5cocc5)n3n2)c6ccccc6","non-substrate"
"CCc1c2CN3C(=O)C4=C(C=C3c2nc5ccc(OC[C@@H]6O[C@@H]([C@@H](O)[C@H](O)[C@H]6O)C(=O)O)cc15)[C@@](O)(CC)C(=O)OC4","substrate"
"COC1=C(Oc2ccccc2C1=O)c3ccccc3","non-substrate"
"O=C(N1CCN(CC1)c2cc(nc3cc(nn23)c4ccccc4)c5occc5)c6ccsc6","non-substrate"
"CCc1c(C)nc2cc(nn2c1N3CCN(CC3)C(=O)c4cocc4)c5cccc(OC)c5","non-substrate"
"COc1cccc(c1)c2cc3nc(C)c(C)c(N4CCN(Cc5occc5)CC4)n3n2","non-substrate"
"Cc1cc(N2CCN(CC2)C(=O)c3cocc3)n4nc(cc4n1)c5ccncc5","non-substrate"
"Cc1cc(C)c(C#N)c(SCc2c(F)cccc2[N+](=O)[O-])n1","non-substrate"
"COc1cccc2OC(=CC(=O)c12)N3CCN(Cc4ccc(cc4)[N+](=O)[O-])CC3","non-substrate"
"COc1ccc2N=C3[C@@H]4C[C@@]5([C@H](N4C(=O)[C@@H](C)N3C(=O)c2c1)N(C(=O)C)c6ccccc56)C(C)(C)C=C","non-substrate"
"Fc1ccc(cc1)c2cc3nc4CCCc4c(N5CCN(CC5)C(=O)c6occc6)n3n2","non-substrate"
"CNCCCN(C)c1cc(nc2cc(nn12)c3ccccc3)c4occc4","non-substrate"
"COc1cccc(c1O)c2nc(N3CC(C)CC(C)C3)c4ccccc4n2","non-substrate"
"O=C(N1CCN(CC1)c2cc(nc3cc(nn23)c4occc4)c5occc5)c6cocc6","non-substrate"
"COC(=O)c1c(C)nc2sc(C(=O)Nc3ccc(OC)c(OC)c3)c(N)c2c1c4cc(OC)c(OC)c(OC)c4","non-substrate"
"OC[C@@]12C3N(Cc4ccc(O)cc4)C5[C@]6(CO)C(N(Cc7ccc(O)cc7)C1[C@@]3(CO)[C@@H]6c8ccccc8)[C@@]5(CO)[C@@H]2c9ccccc9","non-substrate"
"COc1cc(OC)c2C(=O)C=C(Oc2c1)N3CCN(Cc4ccc(N)cc4)CC3","non-substrate"
"COC(=O)Nc1nc2cc(ccc2[nH]1)[S+]([O-])c3ccccc3","non-substrate"
"CN(C)\C=C\1/C(=NN(C1=O)c2ccc(cc2)[N+](=O)[O-])C","non-substrate"
"COc1ccc(C(=O)c2sc3nc(C)cc(C)c3c2N)c(OC)c1","non-substrate"
"COc1cc(OC)c2C(=CC(=O)Oc2c1)c3ccc(OC)c(O)c3","non-substrate"
"CCCCN(C)C1=CC2=CC(=C(C#N)C#N)CCC2CC1","non-substrate"
"COc1cc(OC[C@@H]2CNCC[C@H]2c3ccc(F)cc3)ccc1O[C@@H]4O[C@@H]([C@@H](O)[C@H](O)[C@H]4O)C(=O)O","non-substrate"
"COC(=O)c1cccc(c1)c2cc(N3CCN(CC3)C(=O)c4cocc4)n5nc(cc5n2)c6cccc(OC)c6","non-substrate"
"CCOC(=O)c1c(C)cc2oc(C(=O)c3cc(OC)c(OC)c(OC)c3)c(N)c2c1c4ccc(OC)cc4","non-substrate"
"CCN(CC)P(=O)(Nc1cccc(c1)C(F)(F)F)c2ccc(cc2NC(=O)c3occc3)N(C)C","non-substrate"
"O=C(COc1ccc(cc1)c2ccc(cc2)C#N)NCCc3ccccc3","non-substrate"
"CCOc1ccccc1NC(=O)C(OC(=O)c2ccc(cc2)N(C)C)c3ccccc3","non-substrate"
"CCOc1ccc(NC(=O)c2cccc3CN(CCOC)C(=O)c23)cc1","non-substrate"
"Cc1cc(N2CCN(CC2)C(=O)c3occc3)n4ncc(c5ccccc5)c4n1","non-substrate"
"C[C@H]1N2C(=O)c3cc(F)ccc3N=C2[C@@H]4C[C@@]5([C@H](N4C1=O)N(C(=O)C)c6ccccc56)C(C)(C)C=C","non-substrate"
"COc1cccc(c1)c2cc3nc(c(C)c(N4CCN(CC4)C(=O)c5cocc5)n3n2)c6ccccc6","non-substrate"
"Fc1cccc(c1)c2cc3nc4CCCCc4c(N5CCN(CC5)C(=O)C6CCCO6)n3n2","non-substrate"
"Cc1nc2cc(nn2c(N3CCN(CC3)C(=O)c4cocc4)c1C)c5ccccc5","non-substrate"
"COc1ccc(cc1)c2ccc(CC(=O)N3CCc4cc(OC)c(OC)cc4C3)cc2","non-substrate"
"COc1ccc(cc1O)C2=CC(=O)Oc3cccc(OC)c23","non-substrate"
"COC(=O)[C@]12CCC(C)(C)C[C@H]1[C@H]3C(=O)C=C4[C@@](C)(CC[C@H]5C(C)(C)C(=O)C(=C[C@]45C)C#N)[C@]3(C)CC2","non-substrate"
"CCOC(=O)c1cccc(NC(=O)c2cnc3ccccc3n2)c1","non-substrate"
"O=C(N1CCN(CC1)c2cc(nc3cc(nn23)c4ccccc4)c5occc5)c6coc7ccccc67","non-substrate"
"COc1ccc(cc1)c2cc3nc(C)c(C)c(N4CCN(CC4)C(=O)c5cocc5)n3n2","non-substrate"
"COc1ccc2OC(=O)C=C(c3ccc(OC)c(O)c3)c2c1","non-substrate"
"COc1ccc2cc(ccc2c1)c3occ(CN4CCc5cc(OC)c(OC)cc5C4)n3","non-substrate"
"COc1cc2CCN(Cc3csc(n3)c4ccc5cc(Br)ccc5c4)Cc2cc1OC","non-substrate"
"COc1ccc(cc1)c2cc3nc(cc(N4CCN(CC4)C(=O)c5cocc5)n3n2)c6occc6","non-substrate"
"Cc1cccc(c1)c2cc3nc(cc(N4CCN(CC4)C(=O)c5cocc5)n3n2)c6occc6","non-substrate"
"Fc1cccc(c1)c2cc(N3CCN(CC3)C(=O)c4cocc4)n5nc(cc5n2)c6ccccc6","non-substrate"
"COc1ccc(cc1)C(=O)c2sc3nc(N)c(C#N)c(c4cc(OC)c(OC)c(OC)c4)c3c2N","non-substrate"
"COc1ccc(cc1)c2ccc(CCN3CCc4cc(OC)c(OC)cc4C3)cc2","non-substrate"
"OC[C@@]12C3N(Cc4ccccc4)C5[C@]6(CO)C(N(Cc7ccccc7)C1[C@@]3(CO)[C@@H]6c8ccc(O)cc8)[C@@]5(CO)[C@@H]2c9ccc(O)cc9","non-substrate"
"COc1cc(OC)c2C(=O)C=C(Oc2c1)N3CCN(Cc4ccc(NC(=O)C)cc4)CC3","non-substrate"
"FC(F)(F)c1ccc(cc1)C(=O)Nc2ccccc2c3nnn(n3)c4ccc(cc4)C(F)(F)F","non-substrate"
"O=C(N1CCN(CC1)c2cc(nc3cc(nn23)c4ccncc4)c5ccccc5)c6cocc6","non-substrate"
"CNCCN(C)c1cc(nc2cc(nn12)c3ccccc3)c4occc4","non-substrate"
"Cc1nc2cc(nn2c(N3CCN(CC3)C(=O)c4cocc4)c1C)c5ccc6OCOc6c5","non-substrate"
"Cc1nc2cc(nn2c(N3CCN(CC3)C(=O)c4cocc4)c1C)c5ccc(Br)cc5","non-substrate"
"COc1ccc(CCNC(=O)C2=CC(=O)c3c(O)cccc3O2)cc1","non-substrate"
"O=C(N1CCN(CC1)c2cc(nc3cc(nn23)c4ccccc4)c5cccs5)c6cocc6","non-substrate"
"O=C(N1CCN(CC1)c2cc(nc3cc(nn23)c4ccccc4)c5occc5)c6occc6","non-substrate"
"COc1cccc(c1)c2cc3nc(cc(N4CCN(CC4)C(=O)c5cocc5)n3n2)c6cccc(c6)C(F)(F)F","non-substrate"
"Fc1ccc(cc1)c2cc(N3CCN(CC3)C(=O)c4cocc4)n5nc(cc5n2)c6ccccc6","non-substrate"
"Cc1ccc(cc1)c2nc3nc(C)cc(N4CCN(CC4)C(=O)c5occc5)n3n2","non-substrate"
"CC(C)(C)c1cc2nc(cc(N3CCN(CC3)C(=O)c4cocc4)n2n1)c5occc5","non-substrate"
"COc1ccc2[nH]c(nc2c1)[S+]([O-])Cc3ncc(C)c(OC)c3C","non-substrate"
"COc1ccc(cc1)c2ccc3N([C@H]4N5[C@@H](C[C@]4(c3c2)C(C)(C)C=C)C6=Nc7ccccc7C(=O)N6[C@H](C)C5=O)C(=O)C","non-substrate"
"CC(=O)N1CCN(CC1)c2cc(C)nc3cc(nn23)c4cccc(F)c4","non-substrate"
"CC(C)(C)OC(=O)N1CCN(CC1)c2cc(nc3cc(nn23)c4ccccc4)c5occc5","non-substrate"
"COc1cccc(c1)c2cc3nc(cc(N4CCN(CC4)C(=O)c5cocc5)n3n2)c6cccc(c6)C#N","non-substrate"
"Cc1nc2cc(nn2c(N3CCN(CC3)C(=O)c4cocc4)c1C)c5cccc(Cl)c5","non-substrate"
"OC[C@@]12C3N(Cc4ccccc4)C5[C@]6(CO)C(N(Cc7ccccc7)C1[C@@]3(CO)[C@@H]6c8cccc(O)c8)[C@@]5(CO)[C@@H]2c9cccc(O)c9","non-substrate"
"COC1=C(Oc2cc(OC)cc(O)c2C1=O)c3ccc(OC)c(OC)c3","non-substrate"
"C[C@H]1N2C(=O)c3ccccc3N=C2[C@@H]4C[C@@]5([C@H](N4C1=O)N(C(=O)C)c6ccc(Br)cc56)C(C)(C)C=C","non-substrate"
"CC(=O)N1CCN(CC1)c2cc(nc3cc(nn23)c4ccccc4)c5occc5","non-substrate"
"C[C@H]1N2C(=O)c3ccc(Br)cc3N=C2[C@@H]4C[C@@]5([C@H](N4C1=O)N(C(=O)C)c6ccccc56)C(C)(C)C=C","non-substrate"
"C[C@H]1N2C(=O)c3ccccc3N=C2[C@@H]4C[C@@]5([C@H](N4C1=O)N(C(=O)C)c6ccc(cc56)C7CCCCC7)C(C)(C)C=C","non-substrate"
"Fc1ccccc1c2cc(N3CCN(CC3)C(=O)c4cocc4)n5nc(cc5n2)c6ccccc6","non-substrate"
"CN(CCCN(C)c1cc(nc2cc(nn12)c3ccccc3)c4occc4)C(=O)c5cocc5","non-substrate"
"Cc1c(nc2cc(nn2c1N3CCN(CC3)C(=O)c4cocc4)c5ccccc5)c6occc6","non-substrate"
"COc1cc(OC)c2C(=O)C=C(Oc2c1)N3CCN(Cc4ccc5nonc5c4)CC3","non-substrate"
"COc1cc(OC)c2C(=O)C=C(Oc2c1)N3CCN(Cc4ccccc4)CC3","non-substrate"
"O=C(N1CCN(CC1)c2cc(nc3cc(nn23)c4ccccc4)c5occc5)c6cocc6","non-substrate"
"CC(C)C(NS(=O)(=O)c1ccccc1)C(=O)OCc2cc(cc3COCOc23)[N+](=O)[O-]","non-substrate"
"CCOc1ccc(cc1)n2nnc(n2)c3ccccc3NC(=O)c4ccc(cc4)[N+](=O)[O-]","non-substrate"
"O=C(OCc1ccccc1)N2CCN(CC2)c3cc(nc4cc(nn34)c5ccccc5)c6occc6","non-substrate"
"O=C(N1CCN(CC1)c2cc(nc3cc(nn23)c4cccs4)c5occc5)c6cocc6","non-substrate"
"COc1cccc(c1)c2cc3nc(C)c(C)c(N4CCN(CC4)C(=O)c5occc5)n3n2","non-substrate"
"COc1cc2CCN(CCc3ccc(cc3)c4ccc(F)cc4)Cc2cc1OC","non-substrate"
"Cl.COc1ccc(cc1)c2cc([C@H](O)[C@H]3CCCCN3)c4ccccc4n2","non-substrate"
"Cc1oc(C)c(c1)C(=O)N2CCN(CC2)c3cc(nc4cc(nn34)c5ccccc5)c6occc6","non-substrate"
"Cc1cc(N2CCN(CC2)C(=O)C3CCCO3)n4nc(cc4n1)c5cccc(F)c5","non-substrate"
"Cc1oc(cc1)c2cc(N3CCN(CC3)C(=O)c4cocc4)n5nc(cc5n2)c6ccccc6","non-substrate"
"COc1cc2CCN(Cc3ccc(cc3)c4ccc(F)cc4)Cc2cc1OC","non-substrate"
"COC(=O)c1ccc(cc1)C(N(Cc2ccccc2)C(=O)Cc3cccs3)C(=O)NC4CCCCC4","non-substrate"
"COc1ccc(cc1)c2[nH]nc3nc(cc(c23)C(F)(F)F)N4CCN(CC4)C(=O)c5cocc5","non-substrate"
"CCCc1ccc(cc1)n2nnc(n2)c3ccccc3NC(=O)c4ccc(cc4)C(F)(F)F","non-substrate"
"COc1ccccc1c2cc3nc(cc(N4CCN(CC4)C(=O)c5cocc5)n3n2)c6occc6","non-substrate"
"CC(=O)N1CCN(CC1)c2cc(nc3cc(nn23)c4ccccc4)c5ccccc5","non-substrate"
"C\C=C\C[C@@H](C)C(=O)[C@@H]1N(C)C(=O)[C@H](C(C)C)N(C)C(=O)[C@H](CC(C)C)N(C)C(=O)[C@H](CC(C)C)N(C)C(=O)[C@@H](C)NC(=O)[C@H](C)NC(=O)[C@H](CC(C)C)N(C)C(=O)[C@@H](NC(=O)[C@H](CC(C)C)N(C)C(=O)CN(C)C(=O)[C@@H](NC1=O)C(C)C)C(C)C","non-substrate"
"C[C@H]1N2C(=O)c3cc(ccc3N=C2[C@@H]4C[C@@]5([C@H](N4C1=O)N(C(=O)C)c6ccccc56)C(C)(C)C=C)c7ccccc7","non-substrate"
"Cc1cc(N2CCN(CC2)C(=O)c3cocc3)n4nc(cc4n1)c5ccccc5","non-substrate"
"O=C(N1CCN(CC1)c2cc(nc3cc(nn23)c4cccc(c4)c5occc5)c6occc6)c7cocc7","non-substrate"
"Cc1ccc(cc1)c2cc3nc(cc(N4CCN(Cc5cocc5)CC4)n3n2)c6occc6","non-substrate"
"O=C1CN(CCN1c2ccccc2)c3cc(nc4cc(nn34)c5ccccc5)c6occc6","non-substrate"
"COCCOC(=O)c1c(C)nc2sc(C(=O)c3ccc(OC)cc3)c(NC(=O)C)c2c1c4cc(OC)c(OC)c(OC)c4","non-substrate"
"C[C@@H]1CC[C@@H]2[C@@H](C1)C3=C(OC2(C)C)C(=O)C4=C(OC(C)(C)[C@@H]5CC[C@@H](C)C[C@@H]45)C3=O","non-substrate"
"CCC[S+]([O-])c1ccc2[nH]c(NC(=O)OC)nc2c1","substrate"
"[O-][N+](=O)c1cccc(Nc2nc(nc3ccccc23)c4ccccc4)c1","non-substrate"
"[O-][N+](=O)c1ccc(cc1)C(=O)Nc2ccccc2c3nnn(n3)c4ccc(cc4)C(F)(F)F","non-substrate"
"COc1ccnc(C[S+]([O-])c2nc3cc(OC(F)F)ccc3[nH]2)c1OC","non-substrate"
"CCCCOc1ccc(cc1)c2c(C(=O)OCC)c(C)nc3sc(C(=O)c4ccc(OC)cc4)c(N)c23","non-substrate"
"COc1cc(OC)c2C(=O)C=C(Oc2c1)N3CCN(Cc4ccc(cc4)S(=O)(=O)C)CC3","non-substrate"
"COc1ccc(cc1O)C2=CC(=O)Oc3ccccc23","non-substrate"
"O=C(N1CCCN(C1)c2cc(nc3cc(nn23)c4ccccc4)c5occc5)c6cocc6","non-substrate"
"COc1cccc(c1)c2cc(N3CCN(CC3)C(=O)c4cocc4)n5nc(cc5n2)c6cccc(OC)c6","non-substrate"
"CC\C(=C(/c1ccc(O)cc1)\c2ccc(OCCNC)cc2)\c3ccc(cc3)C(C)CO","non-substrate"
"OC[C@@]12C3N(Cc4ccncc4)C5[C@]6(CO)C(N(Cc7ccncc7)C1[C@@]3(CO)[C@H]6c8ccccc8)[C@@]5(CO)[C@H]2c9ccccc9","non-substrate"
"COc1cc(OC)c2C(=O)C=C(Oc2c1)N3CCN(CC3)C(=O)c4ccc(cc4)[N+](=O)[O-]","non-substrate"
"CC1(C)OC2=C([C@@H]3[C@H]1COc4c(Br)cc(Br)cc34)C(=O)C5=C([C@@H]6[C@@H](OCc7c(Br)cc(Br)cc67)C(C)(C)O5)C2=O","non-substrate"
"COc1cc(OC[C@@H]2CNCC[C@H]2c3ccc(F)cc3)ccc1OS(=O)(=O)O","non-substrate"
"COc1cccc(c1)c2cc(N3CCN(CC3)C(=O)c4cocc4)n5nc(cc5n2)c6ccccc6","non-substrate"
"C[C@H]1N2C(=O)c3cc(Br)ccc3N=C2[C@@H]4C[C@@]5([C@H](N4C1=O)N(C(=O)C)c6ccccc56)C(C)(C)C=C","non-substrate"
"COc1cccc(c1)c2cc3nc(C)cc(N4CCN(CC4)C(=O)c5cocc5)n3n2","non-substrate"
"CNS(=O)(=O)CC1=CC2=C(NC=C2CCN(C)C)C=C1","substrate"
"COC1=C(C\C=C(/C)CCC(=O)OCCN2CCOCC2)C(O)=C2C(=O)OCC2=C1C","substrate"
"N.N.O=C1O[Pt]OC(=O)C11CCC1","substrate"
"O[C@@H](CC[C@@H]1[C@H](N(C1=O)C1=CC=C(F)C=C1)C1=CC=C(O)C=C1)C1=CC=C(F)C=C1","substrate"
"[H][C@@](O)(CN1C[C@@]2([H])CCCC[C@@]2([H])C[C@@]1([H])C(O)=NC(C)(C)C)[C@]([H])(CC1=CC=CC=C1)N=C(O)[C@]([H])(CC(O)=N)NC(=O)C1=NC2=CC=CC=C2C=C1","non-substrate"
"N#CC1=NC=CC(=C1)C1=NNC(=N1)C1=CC=NC=C1","non-substrate"
"O[C@@H]1CC[C@@]2(C)[C@@]([H])(CC[C@@]3(C)[C@@]2([H])[C@H](O)C[C@@]2([H])\C([C@@H](OC(=O)C)C[C@]32C)=C(/CCC=C(C)C)C(O)=O)[C@@H]1C","non-substrate"
"OC1(CN(C1)C(=O)C1=C(NC2=C(F)C=C(I)C=C2)C(F)=C(F)C=C1)[C@@H]1CCCCN1","non-substrate"
"CN1CCN(CC1)C1=CC=C2N=C(NC2=C1)C1=C(N)C2=C(NC1=O)C=CC=C2F","non-substrate"
"ClC1=CC=C(S1)C(=O)NC[C@H]1CN(C(=O)O1)C1=CC=C(C=C1)N1CCOCC1=O","substrate"
"CN(C1=CC2=NN(C)C(C)=C2C=C1)C1=CC=NC(NC2=CC=C(C)C(=C2)S(N)(=O)=O)=N1","substrate"
"COC1=CC=C(C=C1)N1N=C(C(N)=O)C2=C1C(=O)N(CC2)C1=CC=C(C=C1)N1CCCCC1=O","substrate"
"C[C@H](NCC1=CC=C(OCC2=CC(F)=CC=C2)C=C1)C(N)=O","non-substrate"
"[H][C@@](O)([C@@H](NC(=O)OC(C)(C)C)C1=CC=CC=C1)C(=O)O[C@@]1([H])C[C@@]2(O)[C@@]([H])(OC(=O)C3=CC=CC=C3)[C@]3([H])[C@@]4(CO[C@]4([H])C[C@]([H])(OC)[C@@]3(C)C(=O)[C@]([H])(OC)C(=C1C)C2(C)C)OC(C)=O","non-substrate"
"CC1=CC(\C=C\C#N)=CC(C)=C1NC1=CC=NC(NC2=CC=C(C=C2)C#N)=N1","non-substrate"
"CNC(=O)C1=CC(OC2=CC(F)=C(NC(=O)NC3=CC=C(Cl)C(=C3)C(F)(F)F)C=C2)=CC=N1","non-substrate"
"[H][C@]12CN3C=C(C(=O)NCC4=CC=C(F)C=C4F)C(=O)C(O)=C3C(=O)N1[C@H](C)CCO2","substrate"
"COC(=O)N(C)C1=C(N)N=C(N=C1N)C1=NN(CC2=C(F)C=CC=C2)C2=C1C=CC=N2","substrate"
"CC(C)OC(=O)[C@H](C)N[P@](=O)(OC[C@H]1O[C@@H](N2C=CC(=O)NC2=O)[C@](C)(F)[C@@H]1O)OC1=CC=CC=C1","substrate"
"[H][C@@](CC)(NC1=NC=NC2=C1N=CN2)C1=NC2=CC=CC(F)=C2C(=O)N1C1=CC=CC=C1","substrate"
"CCCCCC1=CC(O)=C([C@@H]2C=C(C)CC[C@H]2C(C)=C)C(O)=C1","non-substrate"
"CC(C)C1=NC(CN(C)C(=O)N[C@@H](CCN2CCOCC2)C(=O)N[C@H](CC[C@H](CC2=CC=CC=C2)NC(=O)OCC2=CN=CS2)CC2=CC=CC=C2)=CS1","non-substrate"
"COC1=C(C=C2C(OC3=CC(Cl)=C(NC(O)=NC4CC4)C=C3)=CC=NC2=C1)C(O)=N","substrate"
"COC(=O)N[C@@H](C(C)C)C(=O)N1CCC[C@H]1C1=NC=C(N1)C1=CC=C(C=C1)C1=CC=C(C=C1)C1=CN=C(N1)[C@@H]1CCCN1C(=O)[C@@H](NC(=O)OC)C(C)C","non-substrate"
"COC1=C(C=C(C=C1C1=CC2=CC=C(NS(C)(=O)=O)C=C2C=C1)N1C=CC(=O)NC1=O)C(C)(C)C","non-substrate"
"C[C@@H](OC[C@]1(CC[C@]2(CCC(=O)N2)CN1)C1=CC=CC=C1)C1=CC(=CC(=C1)C(F)(F)F)C(F)(F)F","non-substrate"
"COC(=O)N[C@@H](C(C)C)C(=O)N1CCC[C@H]1C(=O)NC1=CC=C(C=C1)[C@@H]1CC[C@H](N1C1=CC=C(C=C1)C(C)(C)C)C1=CC=C(NC(=O)[C@@H]2CCCN2C(=O)[C@@H](NC(=O)OC)C(C)C)C=C1","substrate"
"[H][C@@]12C[C@]1(NC(=O)[C@]1([H])C[C@H](CN1C(=O)[C@H](CCCCC\C=C/2)NC(=O)C1=CN=C(C)C=N1)OC1=NC2=C(C=CC=C2)C2=C1C=CC=C2)C(=O)NS(=O)(=O)C1CC1","non-substrate"
"COC1=C(NC2=NC=CC(=N2)C2=CN(C)C3=C2C=CC=C3)C=C(NC(=O)C=C)C(=C1)N(C)CCN(C)C","substrate"
"CCC1=CC2=C(C=C1N1CCC(CC1)N1CCOCC1)C(C)(C)C1=C(C3=C(N1)C=C(C=C3)C#N)C2=O","non-substrate"
"CC1(C)CCC(CN2CCN(CC2)C2=CC=C(C(=O)NS(=O)(=O)C3=CC=C(NCC4CCOCC4)C(=C3)[N+]([O-])=O)C(OC3=CN=C4NC=CC4=C3)=C2)=C(C1)C1=CC=C(Cl)C=C1","non-substrate"
"C[C@@H](C1=NC(=CS1)C1=CC=C(C=C1)C#N)[C@](O)(CN1C=NC=N1)C1=C(F)C=CC(F)=C1","non-substrate"
"CN1N=CN=C1[C@@H]1[C@H](NC2=C3C1=NNC(=O)C3=CC(F)=C2)C1=CC=C(F)C=C1","substrate"
"CCOC1=CC=C(CC2=CC(=CC=C2Cl)[C@]23OC[C@](CO)(O2)[C@@H](O)[C@H](O)[C@H]3O)C=C1","substrate"
"CN(CCN1CCC(CC1)OC(=O)NC1=CC=CC=C1C1=CC=CC=C1)C(=O)C1=CC=C(CN2CCC(CC2)C(N)=O)C=C1","substrate"
"CNC(=O)C1=CC=C(C=C1F)N1C(=S)N(C(=O)C11CCC1)C1=CC(=C(N=C1)C#N)C(F)(F)F","non-substrate"
"NC1=NC(N2C=C(C(O)=O)C(=O)C3=CC(F)=C(N4CC(O)C4)C(Cl)=C23)=C(F)C=C1F","substrate"
"C[C@H](NC1=C2N=CNC2=NC=N1)C1=CC2=CC=CC(Cl)=C2C(=O)N1C1=CC=CC=C1","substrate"
"COC1=CC(NC2=NC=C(F)C(NC3=NC4=C(OC(C)(C)C(=O)N4COP(O)(O)=O)C=C3)=N2)=CC(OC)=C1OC","non-substrate"
"COC1=CC=CC(=C1)N1CCN(CC1)C1=NC2=C(C=CC=C2F)[C@H](CC(O)=O)N1C1=CC(=CC=C1OC)C(F)(F)F","non-substrate"
"CCC1=C(NC2CCOCC2)N=C(NC2=CC=C(N3CCC(CC3)N3CCN(C)CC3)C(OC)=C2)C(=N1)C(N)=O","non-substrate"
"COC1=C(OCCCN2CCOCC2)C=CC2=C1N=C(NC(=O)C1=CN=C(N)N=C1)N1CCN=C21","substrate"
"CCCCCCO[C@@H](C)C1=C(OC)C(=CC=C1)C1=CSC(NC(=O)C2=CC(Cl)=C(\C=C(/C)C(O)=O)C(Cl)=C2)=N1","substrate"
"C[C@]12CC[C@H]3[C@@H](CCC4=CC(=O)CC[C@]34C)[C@@H]1CC[C@@H]2OC(=O)CCC1CCCC1","substrate"
"[H][C@]1(O)CC[C@@]2([H])[C@]3([H])CCC4=CC(OC(C)=O)=CC=C4[C@@]3([H])CC[C@]12C","non-substrate"
"[H][C@]1(O)CC[C@@]2([H])[C@]3([H])CCC4=CC(OC(=O)C5=CC=CC=C5)=CC=C4[C@@]3([H])CC[C@]12C","non-substrate"
"[H][C@@]1(CC[C@@]2([H])[C@]3([H])CCC4=CC(O)=CC=C4[C@@]3([H])CC[C@]12C)OC(=O)CCC1CCCC1","non-substrate"
"CCCCCCC(=O)O[C@H]1CC[C@H]2[C@@H]3CCC4=CC(OC(=O)CCCCCC)=CC=C4[C@H]3CC[C@]12C","non-substrate"
"[H][C@@]12CC[C@H](OC(=O)CCCC)[C@@]1(C)CC[C@]1([H])C3=C(CC[C@@]21[H])C=C(O)C=C3","non-substrate"
"[H][C@]1(CCC(C)=C[C@@]1([H])C1=C(O)C=C(CCCCC)C=C1O)C(C)=C.[H][C@@]12CCC(C)=C[C@@]1([H])C1=C(O)C=C(CCCCC)C=C1OC2(C)C","non-substrate"
"CCC1=C2CN3C(=CC4=C(COC(=O)[C@]4(O)CC)C3=O)C2=NC2=CC=C(O[C@@H]3O[C@@H]([C@@H](O)[C@@H](O)[C@H]3O)C(O)=O)C=C12","substrate"
"CNC(NCCSCC1=CSC(CN(C)C)=N1)=C/[N+]([O-])=O","substrate"
"CC[C@H]1OC(=O)[C@H](C)[C@@H](O[C@H]2C[C@@](C)(OC)[C@@H](O)[C@H](C)O2)[C@H](C)[C@@H](O[C@@H]2O[C@H](C)C[C@@H]([C@H]2O)N(C)C)[C@](C)(O)C[C@@H](C)[C@@H]2N[C@@H](COCCOC)O[C@@H]([C@H]2C)[C@]1(C)O","substrate"
"CN(C)[C@H]1[C@@H]2C[C@H]3C(=C(O)[C@]2(O)C(=O)C(C(N)=O)=C1O)C(=O)C1=C(O)C=CC=C1[C@@]3(C)O","substrate"
"CC(=O)OCC1=C(N2[C@H](SC1)[C@H](NC(=O)CC1=CC=CS1)C2=O)C(O)=O","substrate"
"CO[C@H]1C=CO[C@@]2(C)OC3=C(C2=O)C2=C(O)C(C=NN4CCN(C)CC4)=C(NC(=O)C(C)=C/C=C/[C@H](C)[C@H](O)[C@@H](C)[C@@H](O)[C@@H](C)[C@H](OC(C)=O)[C@@H]1C)C(O)=C2C(O)=C3C","substrate"
"C[C@H](CCC(O)=O)[C@H]1CC[C@H]2[C@@H]3CC[C@@H]4C[C@H](O)CC[C@]4(C)[C@H]3C[C@H](O)[C@]12C","substrate"
"C[C@H](CCC(=O)NCCS(O)(=O)=O)C1CC[C@H]2[C@@H]3CC[C@@H]4C[C@H](O)CC[C@]4(C)[C@H]3C[C@H](O)[C@]12C","substrate"
"C[C@H](CCC(=O)NCC(O)=O)[C@H]1CC[C@H]2[C@@H]3[C@H](O)C[C@@H]4C[C@H](O)CC[C@]4(C)[C@H]3CC[C@]12C","substrate"
"COC1=C(C=CC(NC(=O)NC2=CC=CC(CNC(=O)O[C@H]3CCOC3)=C2)=C1)C1=CN=CO1","substrate"
"O=C(C)O[C@@H]1C=C2C(C)(C)[C@@](O)(C1)[C@@H](OC(=O)C1=CC=CC=C1)[C@H]1[C@@](C)([C@H](CC3OC[C@@]13OC(=O)C)OC(=O)C=CC1=CC=C(C=C1)C(=O)C1=CC=CC=C1)C(=O)[C@@H]2OC(=O)C","substrate"
"CCC1=C(C)C2=CC3=C(C=C)C(C)=C(N3)C=C3/N=C([C@@H](CCC(=O)OC)[C@@H]3C)C3=C4NC(=C/C1=N2)C(C)=C4C(=O)C3","substrate"
"OC1=CC=CC(=C1)C1=C2C=CC(=N2)C(=C2/NC(C=C2)=C(/C2=N/C(/C=C2)=C(C2=CC=C1N2)C1=CC(O)=CC=C1)C1=CC(O)=CC=C1)C1=CC(O)=CC=C1","substrate"
"OS(O)(=O)=O.C[C@]12CC[C@H]3[C@@H](CCC4=CC(O)=CC=C34)[C@@H]1CC[C@H]2O","substrate"
"C[C@H]1C[C@H]2[C@@H]3CCC4=CC(=O)C=C[C@]4(C)[C@@]3(Cl)[C@@H](O)C[C@]2(C)[C@@]1(O)C(=O)CO","non-substrate"
"CC(C)(C)NCC(O)COC1=CC=CC2=C1CC(O)C(O)C2","non-substrate"
"C[C@@H]1C[C@@H]2[C@@H]3CCC4=CC(=O)C=C[C@]4(C)[C@@]3(F)C(O)CC2(C)[C@@]1(O)C(=O)COP(O)(O)=O","non-substrate"
"C[C@]12CC(=O)[C@H]3[C@@H](CCC4=CC(=O)C=C[C@]34C)[C@@H]1CC[C@]2(O)C(=O)CO","non-substrate"
"C[C@]12C[C@H](O)[C@@]3(F)[C@@H](CCC4=CC(=O)C=C[C@]34C)[C@@H]1C[C@@H](O)[C@]2(O)C(=O)CO","non-substrate"
"C[C@H]1C[C@H]2[C@@H]3CC[C@](O)(C(=O)CO)[C@@]3(C)C[C@H](O)[C@@H]2[C@@]2(C)C=CC(=O)C=C12","non-substrate"
"COC(=O)C1=C(C)NC(C)=C(C1C1=CC=C(OC)C=C1)C(=O)OCCCN1CCC(CC1)(C1=CC=CC=C1)C1=CC=CC=C1","non-substrate"
"CCOC1=CC=C(C=C1)C1C(C(=O)OC)=C(C)NC(C)=C1C(=O)OCCCN1CCC(CC1)(C1=CC=CC=C1)C1=CC=CC=C1","non-substrate"
"COC(=O)C1=C(C)NC(C)=C(C1C1=CC=C(C=C1)N(C)C)C(=O)OCCCN1CCC(CC1)(C1=CC=CC=C1)C1=CC=CC=C1","non-substrate"
"COC(=O)C1=C(C)NC(C)=C(C1C1=CC=C(OCC2=CC=CC=C2)C=C1)C(=O)OCCCN1CCC(CC1)(C1=CC=CC=C1)C1=CC=CC=C1","non-substrate"
"COC(=O)C1=C(C)NC(C)=C(C1C1=CC=C(NC(C)=O)C=C1)C(=O)OCCCN1CCC(CC1)(C1=CC=CC=C1)C1=CC=CC=C1","non-substrate"
"COC(=O)C1=C(C)NC(C)=C(C1C1=CC=C(OC(C)=O)C=C1)C(=O)OCCCN1CCC(CC1)(C1=CC=CC=C1)C1=CC=CC=C1","non-substrate"
"COC(=O)C1=C(C)NC(C)=C(C1C1=CC=C(C=C1)C(=O)OCC1=CC=CC=C1)C(=O)OCCCN1CCC(CC1)(C1=CC=CC=C1)C1=CC=CC=C1","non-substrate"
"COC(=O)C1=C(C)NC(C)=C(C1C1=CC=CC(O)=C1)C(=O)OCCCN1CCC(CC1)(C1=CC=CC=C1)C1=CC=CC=C1","non-substrate"
"COC(=O)C1=C(C)NC(C)=C(C1C1=CC=C(O)C(C)=C1)C(=O)OCCCN1CCC(CC1)(C1=CC=CC=C1)C1=CC=CC=C1","non-substrate"
"COC(=O)C1=C(C)NC(C)=C(C1C1=CC=C2OCCOC2=C1)C(=O)OCCCN1CCC(CC1)(C1=CC=CC=C1)C1=CC=CC=C1","non-substrate"
"COC(=O)C1=C(C)NC(C)=C(C1C1=CC=C2OCOC2=C1)C(=O)OCCCN1CCC(CC1)(C1=CC=CC=C1)C1=CC=CC=C1","non-substrate"
"COC(=O)C1=C(C2=CC=CC(=C2)[N+]([O-])=O)C(C(=O)OCCCN2CCC(CC2)(C2=CC=CC=C2)C2=CC=CC=C2)=C(C)N=C1C","non-substrate"
"CCOC1=CC=C(C=C1)C1=C(C(=O)OC)C(C)=NC(C)=C1C(=O)OCCCN1CCC(CC1)(C1=CC=CC=C1)C1=CC=CC=C1","non-substrate"
"COC(=O)C1=C(C2=CC=C(C=C2)N(C)C)C(C(=O)OCCCN2CCC(CC2)(C2=CC=CC=C2)C2=CC=CC=C2)=C(C)N=C1C","non-substrate"
"COC(=O)C1=C(C2=CC=C(OCC3=CC=CC=C3)C=C2)C(C(=O)OCCCN2CCC(CC2)(C2=CC=CC=C2)C2=CC=CC=C2)=C(C)N=C1C","non-substrate"
"COC(=O)C1=C(C2=CC=C(NC(C)=O)C=C2)C(C(=O)OCCCN2CCC(CC2)(C2=CC=CC=C2)C2=CC=CC=C2)=C(C)N=C1C","non-substrate"
"COC(=O)C1=C(C2=CC=C(C=C2)C(=O)OCC2=CC=CC=C2)C(C(=O)OCCCN2CCC(CC2)(C2=CC=CC=C2)C2=CC=CC=C2)=C(C)N=C1C","non-substrate"
"COC(=O)C1=C(C2=CC=C(OC)C(OC)=C2)C(C(=O)OCCCN2CCC(CC2)(C2=CC=CC=C2)C2=CC=CC=C2)=C(C)N=C1C","non-substrate"
"COC(=O)C1=C(C2=CC=C3OCCOC3=C2)C(C(=O)OCCCN2CCC(CC2)(C2=CC=CC=C2)C2=CC=CC=C2)=C(C)N=C1C","non-substrate"
"COC(=O)C1=C(C2=CC=C3OCOC3=C2)C(C(=O)OCCCN2CCC(CC2)(C2=CC=CC=C2)C2=CC=CC=C2)=C(C)N=C1C","non-substrate"
"OS(=O)(=O)OC1=C2C=CC3=CC4=CC=CC=C4C4=C3C2=C(C=C1)C=C4","substrate"
"O[C@@H]1[C@@H](O)[C@H](OC2=CC=C3C=CC4=C5C(C=CC2=C35)=CC2=CC=CC=C42)O[C@@H]([C@H]1O)C(O)=O","substrate"
"OC1=CC=C2C(=O)C=C(OC2=C1)C1=CC=CC=C1","non-substrate"
"CC(C)(C=C)C1=C(O)C=C2OC(=CC(=O)C2=C1O)C1=CC=CC=C1","non-substrate"
"CC(C)=CCC1=C2OC(=CC(=O)C2=C(O)C=C1O)C1=CC=CC=C1","non-substrate"
"CC(C)(C=C)C1=C2OC(=CC(=O)C2=C(O)C=C1O)C1=CC=CC=C1","non-substrate"
"CC(C)=CCCC(C)=CCC1=C(O)C=C2OC(=CC(=O)C2=C1O)C1=CC=CC=C1","non-substrate"
"CC(C)=CCCC(C)=CCCC(C)=CCC1=C(O)C=C2OC(=CC(=O)C2=C1O)C1=CC=CC=C1","non-substrate"
"CC(C)=CCCC(C)=CCC1=C(O)C(CC=C(/C)CCC=C(C)C)=C2OC(=CC(=O)C2=C1O)C1=CC=CC=C1","non-substrate"
"CC(C)C1=C(C(=O)NC2=CC=CC=C2)C(=C(N1CC[C@@H](O)C[C@@H](O)CC(O)=O)C1=CC=C(F)C=C1)C1=CC=CC=C1","non-substrate"
"CCC(C)(C)C(=O)O[C@H]1C[C@@H](C)C=C2C=C[C@H](C)[C@H](CC[C@@H](O)C[C@@H](O)CC(O)=O)[C@@H]12","non-substrate"
"COC1=CC=C2OC(=CC(=O)C2=C1OC)C1=CC=CC=C1","non-substrate"
"OC1=C(O)C(O)=C2C(=O)C=C(OC2=C1)C1=CC=CC=C1","non-substrate"
"COC1=C(OC)C(OC)=C2C(=O)C=C(OC2=C1)C1=CC=CC=C1","non-substrate"
"OC1=CC=C2C(=O)C=C(OC2=C1O)C1=CC=CC=C1","non-substrate"
"COC1=CC(OC)=C2C(=O)C=C(OC2=C1C=C/C(C)(C)O)C1=CC=CC=C1","non-substrate"
"OC1=C(C=CC=C1)C1=CC(=O)C2=C(O1)C1=CC=CC=C1C=C2","non-substrate"
"CC1=C2OC(=CC(=O)C2=CC=C1)C1=CC=CC=C1","non-substrate"
"O=C1CC(OC2=CC=CC=C12)C1=CC=CC=C1","non-substrate"
"COC1=CC2=C(C=C1)C(=O)CC(O2)C1=CC=CC=C1","non-substrate"
"O=C(C=CC1=CC=CC=C1)C1=CC=CC=C1","non-substrate"
"COC1=CC=C2C(=O)C[C@@H](OC2=C1)C1=CC=CC(OC)=C1OC","non-substrate"
"OC1=CC2=C(C=C1O)C(=O)CC(O2)C1=CC=CC(O)=C1O","non-substrate"
"OC1C[C@@H](C=CC2=C(C3CC3)N=C3C=CC=CC3=C2C2=CC=C(F)C=C2)OC(=O)C1","substrate"
"CCC1=C2CN3C(=CC4=C(COC(=O)[C@]4(O)CC)C3=O)C2=NC2=CC(F)=C(F)C=C12","substrate"
"COC1=CC=C(C=C1O)C1=C(O)C(=O)C2=C(O)C(OC)=C(OC)C=C2O1","non-substrate"
"COC1=CC=C(C=C1O)C1=C(O)C(=O)C2=C(OC)C(OC)=C(OC)C=C2O1","non-substrate"
"C[C@H](O)[C@@]1(O)CC(O[C@H]2C[C@H](N)[C@H](O)[C@H](C)O2)C2=C(C1)C(O)=C1C(=O)C3=C(C=CC=C3)C(=O)C1=C2O","substrate"
"N1C2=CC=CC=C2C2=C1C=CC1=C2NC2=CC=CC=C12","substrate"
"COC1=CC(=CC(OC)=C1OC)C(=O)C(=O)N(C)[C@@H](CC1=CC=C(Cl)C=C1)C(=O)N(CC1=CC=CC=C1)C(CCC1=CC=NC=C1)CCC1=CC=NC=C1","non-substrate"
"CN(C)CCOC1=CC=C(C=C1)C(=C(CCCl)C1=CC=CC=C1)C1=CC=CC=C1","non-substrate"
"Cl.Cl.CC1=CC=C2NC(N)=NC(=O)C2=C1SC1=CC=NC=C1","substrate"
"CN(CC1=CC=C(C=C1)S(=O)(=O)N1CCOCC1)C1=C2C=CC=C3C(N)=NC(C=C1)=C23","substrate"
"COC1=CC(CC2=C(C)C3=C(N)N=C(N)N=C3N=C2)=C(OC)C=C1","substrate"
"CCC1=NC(N)=NC(N)=C1C1=CC=C(Cl)C=C1","substrate"
"CC1=NC(N)=NC(N)=C1C1=CC(Cl)=C(Cl)C=C1","substrate"
"O=C(NC1=CC=C(CCN2CCC3=CC=CC=C3C2)C=C1)NC1=C(NC(=O)C2=CN=C3C=CC=CC3=C2)C=CC=C1","non-substrate"
"CC(C)=CCCC(C)(C)C1CCC2(C)C1C(O)CC1C3(C)CCC(OC4OC(CO)C(O)C(O)C4OC4OC(CO)C(O)C(O)C4O)C(C)(C)C3CCC21C","non-substrate"
"CC(C)=CCCC(C)(O)C1CCC2(C)C1C(O)CC1[C@@]3(C)CCC(OC4O[C@H](CO)C(O)[C@H](O)C4O)C(C)(C)C3CC[C@@]21C","non-substrate"
"CC1CC(O)C(C)(C)C2CCC3(C)C(CC(O)C4C(CCC34C)C(C)(O)CCC=C(C)C)C12","non-substrate"
"CC(C)=CCCC(C)(OC1O[C@H](CO)C(O)[C@H](O)C1O)C1CCC2(C)C1C(O)CC1C3(C)CCC(O)C(C)(C)C3C(CC21C)OC1O[C@H](CO)C(O)[C@H](O)C1O","non-substrate"
"CC(C)=CCCC(C)(O)C1CCC2(C)C1C(O)CC1C3(C)CCC(O)C(C)(C)C3C(CC21C)OC1O[C@H](CO)C(O)[C@H](O)C1O","non-substrate"
"CC(C)=CCCC(C)(O)C1CCC2(C)C1C(O)CC1C3(C)CCC(O)C(C)(C)C3C(O)CC21C","non-substrate"
"CCC1=C(C)/C2=C/C3=C(CC)C(C)=C(N3)C=C3/N=C(C(CCC(O)=O)=C3C)C3=C4N=C(C=C1/N2)C(C)=C4C(=O)C3","substrate"
"COC1=CC2=NC(=NC(N)=C2C=C1OC)N1CCN(CC1)C(=O)C1=CC(I)=C(C=C1)N=[N+]=[N-]","substrate"
"CC(C)(C)NC(=O)[C@@H]1CN(CC2=CN=CC=C2)CCN1C[C@@H](O)C[C@@H](CC1=CC=CC=C1)C(=O)N[C@@H]1[C@H](O)CC2=CC=CC=C12","non-substrate"
"CCC1=C(C)C2=CC3=C(C=C)C(C)=C(N3)C=C3/N=C([C@@H](CCC(=O)OC)[C@@H]3C)C3=C4NC(=C/C1=N2)C(C)=C4C(=O)[C@@H]3C(=O)OC","substrate"
"COC1=CC=C2C(=O)C=C(OC2=C1)C1=CC(OC)=C(OC)C=C1","non-substrate"
"OC[C@H]1CC(OC2=CC=C(C=C2O)C2=CC(=O)C3=C(O)C=C(O)C=C3O2)C(O)[C@@H](O)C1O","non-substrate"
"OC1=CC(O)=C2C(OC(=C(O)C2=O)C2=CC(O)=C(O)C(O)=C2)=C1","non-substrate"
"OCC1CC(OC2=CC(O)=C3C(=O)CC(OC3=C2)C2=CC=C(O)C=C2)[C@H](O)C(O)[C@@H]1O","non-substrate"
"CCCCCCOC(C)C1=C2NC(C=C3/N=C([C@@H](CCC(=O)NO[C@H]4[C@@H](CO)O[C@H](O)[C@H](O)[C@@H]4O)[C@@H]3C)C3=C4N=C(C=C5/NC(=C/2)C(C)=C5CC)C(C)=C4C(=O)C3)=C1C","substrate"
"CN(C)CCCNC1=CC=C2N=NN3C2=C1C(=O)C1=CC(O)=CC=C31","substrate"
"CCC(C)N1N=CN(C1=O)C1=CC=C(C=C1)N1CCN(CC1)C1=CC=C(OCC2COC(CN3C=NC=N3)(O2)C2=C(Cl)C=C(Cl)C=C2)C=C1","non-substrate"
"COC1=CC=C2C(NN=C2C(=O)C2=CC(OC)=C(OC)C(OC)=C2)=C1C#CCO","substrate"
"COC1=CC(=CC(OC)=C1OC)C(=O)C1=NNC2=C(C#CC)C(OC)=CC=C12","substrate"
"COC1=CC=C2C(NN=C2C(=O)C2=CC(OC)=C(OC)C(OC)=C2)=C1C#C","substrate"
"C[C@@H](OC1=CC=C(CNC(=O)C2=C(OC3=CC=C4OCOC4=C3)N=CC=C2)C(F)=C1)C(O)=O","substrate"
"CCCCCCCCCCCC(=O)OCC(O)C1OCC(O)C1O","non-substrate"
"C1CO1.CC1CO1","non-substrate"
"CCCCCC1=CC(O)=C2C(OC(C)(C)C3=CC=C(C)C=C23)=C1","non-substrate"
"CCN(CC)CC(O)COC1=CC=CC=C1C(=O)CCC1=CC=CC=C1","non-substrate"
"OC(COC1=CC=CC=C1C(=O)CCC1=CC=CC=C1)CN1CCCCC1","non-substrate"
"CC(C)N(CC(O)COC1=C(C=CC=C1)C(=O)CCC1=CC=CC=C1)C(C)C","non-substrate"
"CCC(=O)C1=C(OCC(O)CN2CCOCC2)C=CC=C1","non-substrate"
"OC(COC1=C(C=CC=C1)C(=O)CCC1=CC=CC=C1)CN1CCN(CC1)C1=CC=C(F)C=C1","non-substrate"
"OC(COC1=C(C=CC=C1)C(=O)CCC1=CC=CC=C1)CN1CCCC1","non-substrate"
"OC(COC1=C(C=CC=C1)C(=O)CCC1=CC=CC=C1)CN1CCOCC1","non-substrate"
"COC(CCC1=CC=CC=C1)C1=C(OCC(O)CN2CCCCC2)C=CC=C1","non-substrate"
"COC(CCC1=CC=CC=C1)C1=C(OCC(O)CN2CCN(CC2)C2=CC=C(F)C=C2)C=CC=C1","non-substrate"
"COC(CCC1=CC=CC=C1)C1=C(OCC(O)CN(C(C)C)C(C)C)C=CC=C1","non-substrate"
"CC1=C(N=C(N1C1=CC=C(Cl)C=C1)C1=CC=C(Cl)C=C1Cl)C(=O)NN1CCCCC1","non-substrate"
"OC(COC1=C(CC2=CC=CC=C2)C=CC=C1)CN1CCCCC1","non-substrate"
"CC(=O)C1=C(OCC(O)CN2CCC(O)(CC2)C2=CC=CC=C2)C=CC=C1","non-substrate"
"CCC(=O)C1=C(OCC(O)CN2CCC(O)(CC2)C2=CC=CC=C2)C=CC=C1","non-substrate"
"OC(COC1=C(C=CC=C1)C(=O)C1=CC=CC=C1)CN1CCC(O)(CC1)C1=CC=CC=C1","non-substrate"
"OC(CNCC(C1=CC=CC=C1)C1=CC=CC=C1)COC1=C(C=CC=C1)C(=O)CCC1=CC=CC=C1","non-substrate"
"CC(C)N(CC(O)COC1=C(C=CC=C1)C(O)CCC1=CC=CC=C1)C(C)C","non-substrate"
"OC(CNC1=CC=CC=C1)COC1=C(C=CC=C1)C(=O)CCC1=CC=CC=C1","non-substrate"
"COC(=O)C1=CC=C(NCC(O)COC2=C(C=CC=C2)C(=O)CCC2=CC=CC=C2)C=C1","non-substrate"
"OC(CNC1=CC=C(C=C1)C(F)(F)F)COC1=C(C=CC=C1)C(=O)CCC1=CC=CC=C1","non-substrate"
"OC(CNC1=CC=C(C=C1)[N+]([O-])=O)COC1=C(C=CC=C1)C(=O)CCC1=CC=CC=C1","non-substrate"
"CCCN(CC(O)COC1=C(C=CC=C1)C(=O)CCC1=CC=CC=C1)C(=O)C1=CC=CC=C1","non-substrate"
"C[C@H]1[C@H]2[C@@H](O[C@]11CC[C@@H](C)CO1)[C@@H](O)[C@H]1[C@@H]3CC[C@H]4C[C@@H](O[C@@H]5O[C@H](CO)[C@H](O[C@@H]6O[C@H](CO)C(O)[C@H](O[C@@H]7OC[C@@H](O)[C@H](O)[C@H]7O)[C@H]6O[C@@H]6O[C@H](CO)[C@H](O)[C@H](O[C@@H]7O[C@H](CO)[C@@H](O)[C@H](O)[C@H]7O)[C@H]6O)[C@H](O)[C@H]5O)[C@H](O)C[C@]4(C)[C@H]3CC[C@]21C","non-substrate"
"OC(=O)C1=CC=C(C=NN=C2C3=C(C=CC=C3)C3=C2C=CC=C3)C=C1","non-substrate"
"CC1=NN(C(=O)C2=CC=NC=C2)C(=O)C1N=NC1=CC=C2C=CC=CC2=C1","non-substrate"
"CC1=CC(C)=C(NC2=[O+][Ni-6]3(OC4=C2C=C2C=CC=CC2=C4)OC2=C(C=C4C=CC=CC4=C2)C(NC2=C(C)C=C(C)C=C2)=[O+]3)C=C1","non-substrate"
"NN=C1/C(OC(=O)NC2=CC(Cl)=CC=C2)=NC2=C1C=CC=C2","non-substrate"
"CC(C)[C@@]1(NC(=O)[C@@H]2C[C@H]3[C@@H](CC4=CNC5=CC=CC3=C45)N(C)C2)O[C@@]2(O)[C@@H]3CCCN3C(=O)[C@H](CC3=CC=CC=C3)N2C1=O","non-substrate"
"CC(CC1=CC=CC=C1)C=NN=C1C2=CC=CC=C2C2=C1C=CC=C2","substrate"
"COC1=C(OC)C=C2C(C=CC3=C2[N+](C)=CC2=CC(OC)=C(OC)C=C32)=C1","substrate"
"COC1=CC=C(NC(=S)NN=C2/C(=O)NC3=C2C=C(Cl)C=C3Cl)C=C1","substrate"
"CCOCN(C(=O)CCl)C1=C(CC)C=CC=C1C","substrate"
"CCC1=CC=CC(CC)=C1N(COC)C(=O)CCl","substrate"
"COCCN(C(=O)CCl)C1=C(C)C=CC=C1C","substrate"
"CC1=CC=CC(C)=C1N(CN1C=CC=N1)C(=O)CCl","substrate"
"CCC1=C(N(C(C)COC)C(=O)CCl)C(C)=CC=C1","substrate"
"CC(C)N(C(=O)CCl)C1=CC=CC=C1","substrate"
"CC(C#C)N(C(=O)CCl)C1=CC=CC=C1","substrate"
"COC1=CC=C(C=C1O)C1CC(=O)C2=C(O1)C=C(OS(O)(=O)=O)C=C2O","substrate"
"COC1=CC2=C(C(=O)C(O2)=CC2=CC=CC=C2Cl)C(OC)=C1","non-substrate"
"COC1=CC2=C(C(=O)C(O2)=CC2=CC=CC(Cl)=C2)C(OC)=C1","non-substrate"
"COC1=CC2=C(C(=O)C(O2)=CC2=CC=C(Cl)C=C2)C(OC)=C1","non-substrate"
"COC1=CC2=C(C(=O)C(O2)=CC2=CC=CC=C2O)C(OC)=C1","non-substrate"
"COC1=CC2=C(C(=O)C(O2)=CC2=CC=CC(O)=C2)C(OC)=C1","non-substrate"
"COC1=CC(C=C2/OC3=C(C2=O)C(OC)=CC(OC)=C3)=CC=C1","non-substrate"
"COC1=CC=C(C=C2/OC3=C(C2=O)C(OC)=CC(OC)=C3)C=C1","non-substrate"
"COC1=CC2=C(C(=O)C(O2)=CC2=CC=CC=C2C)C(OC)=C1","non-substrate"
"COC1=CC2=C(C(=O)C(O2)=CC2=CC=CC(C)=C2)C(OC)=C1","non-substrate"
"COC1=CC2=C(C(=O)C(O2)=CC2=CC=C(C)C=C2)C(OC)=C1","non-substrate"
"COC1=CC2=C(C(=O)C(O2)=CC2=CC=CC(=C2)C#N)C(OC)=C1","non-substrate"
"COC1=CC2=C(C(=O)C(O2)=CC2=CC=C(C=C2)C#N)C(OC)=C1","non-substrate"
"COC1=CC=CC2=C1C(=O)C1=C(O)C3=C(C[C@](O)(CC3O[C@H]3C[C@H](N)[C@H](O[C@@H]4CCCCO4)[C@H](C)O3)C(=O)CO)C(O)=C1C2=O","substrate"
"CC[C@]1(O)C[C@H]2C[N@@](C1)CCC1=C(NC3=CC=CC=C13)[C@@](C2)(C(=O)OC)C1=C(OC)C=C2N(C)[C@@H]3[C@]4(CCN5CC=C[C@](CC)([C@@H]45)[C@@H](O)[C@]3(O)C(N)=O)C2=C1","substrate"
"CO[C@]12[C@H]3N[C@H]3CN1C1=C([C@H]2COC(N)=O)C(=O)C(N)=C(C)C1=O","substrate"
"OC1(CCN(CCCC(=O)C2=CC=C(F)C=C2)CC1)C1=CC=C(Cl)C=C1","non-substrate"
"CC(O)(CS(=O)(=O)C1=CC=C(F)C=C1)C(=O)NC1=CC(=C(C=C1)C#N)C(F)(F)F","substrate"
"COC1=CC=C(CCNC(=O)C2=C3NC4=CC(OC)=CC=C4C(=O)C3=CC=C2)C=C1","non-substrate"
"CN1C(N)=NC2=C1C=CC1=NC=C(C)N=C21","substrate"
"OC(=O)[C@H]1CSC(=N1)C1=NC2=CC=C(O)C=C2S1","substrate"
"C(N1CCN(CC1)C1CCCCC1)C1=COC(=N1)C1=CC=CC=C1","non-substrate"
"C(N1CCN(CC1)C1CCCCC1)C1=CSC(=N1)C1=CC=CC=C1","non-substrate"
"COC1=CC2=C(CN(CC3=COC(=N3)C3=CC=CC=C3)CC2)C=C1OC","non-substrate"
"COC1=CC2=C(CN(CC3=CSC(=N3)C3=CC=CC=C3)CC2)C=C1OC","non-substrate"
"BrC1=CC=CC(=C1)C1=NC(CN2CCN(CC2)C2CCCCC2)=CO1","non-substrate"
"COC1=CC2=C(CN(CC3=COC(=N3)C3=CC(Br)=CC=C3)CC2)C=C1OC","non-substrate"
"COC1=CC2=C(CN(CC3=CSC(=N3)C3=CC(Br)=CC=C3)CC2)C=C1OC","non-substrate"
"BrC1=CC=C(C=C1)C1=NC(CN2CCN(CC2)C2CCCCC2)=CO1","non-substrate"
"COC1=CC2=C(CN(CC3=COC(=N3)C3=CC=C(Br)C=C3)CC2)C=C1OC","non-substrate"
"ClC1=CC=CC(=C1)C1=NC(CN2CCN(CC2)C2CCCCC2)=CO1","non-substrate"
"COC1=CC2=C(CN(CC3=COC(=N3)C3=CC(Cl)=CC=C3)CC2)C=C1OC","non-substrate"
"ClC1=CC=C(C=C1)C1=NC(CN2CCN(CC2)C2CCCCC2)=CO1","non-substrate"
"COC1=CC2=C(CN(CC3=COC(=N3)C3=CC=C(Cl)C=C3)CC2)C=C1OC","non-substrate"
"COC1=CC2=C(CN(CC3=COC(=N3)C3=C(O)C=CC=C3)CC2)C=C1OC","non-substrate"
"COC1=CC2=C(CN(CC3=COC(=N3)C3=CC(O)=CC=C3)CC2)C=C1OC","non-substrate"
"COC1=CC2=C(CN(CC3=COC(=N3)C3=CC=C(O)C=C3)CC2)C=C1OC","non-substrate"
"COC1=CC2=C(CN(CC3=COC(=N3)C3=C(OC)C=CC=C3)CC2)C=C1OC","non-substrate"
"COC1=CC=CC(=C1)C1=NC(CN2CCN(CC2)C2CCCCC2)=CO1","non-substrate"
"COC1=CC=CC(=C1)C1=NC(CN2CCC3=C(C2)C=C(OC)C(OC)=C3)=CO1","non-substrate"
"COC1=CC=C(C=C1)C1=NC(CN2CCN(CC2)C2CCCCC2)=CO1","non-substrate"
"COC1=CC=C(C=C1)C1=NC(CN2CCC3=C(C2)C=C(OC)C(OC)=C3)=CO1","non-substrate"
"COC1=CC=C(C=C1)C1=NC(CN2CCC3=C(C2)C=C(OC)C(OC)=C3)=CS1","non-substrate"
"COC1=CC(C2=NC(CN3CCN(CC3)C3CCCCC3)=CO2)=C(OC)C=C1","non-substrate"
"COC1=CC(C2=NC(CN3CCC4=C(C3)C=C(OC)C(OC)=C4)=CO2)=C(OC)C=C1","non-substrate"
"[O-][N+](=O)C1=CC=CC(=C1)C1=NC(CN2CCN(CC2)C2CCCCC2)=CO1","non-substrate"
"COC1=CC2=C(CN(CC3=COC(=N3)C3=CC(=CC=C3)[N+]([O-])=O)CC2)C=C1OC","non-substrate"
"COC1=CC2=C(CN(CC3=COC(=N3)C3=CC=C(C=C3)[N+]([O-])=O)CC2)C=C1OC","non-substrate"
"COC1=CC2=C(CN(CC3=COC(=N3)C3=CC=C(SC)C=C3)CC2)C=C1OC","non-substrate"
"COCC(=O)NCC=CC1=CC2=C(NC3=CC(C)=C(OC4=CC=C(C)N=C4)C=C3)N=CN=C2C=C1","substrate"
"COC1=C(NS(C)(=O)=O)C=CC(NC2=C3C=CC=CC3=NC3=CC=CC=C23)=C1","substrate"
"[Cl-].CN(C)C1=CC2=[O+]C3=CC(=CC=C3C(C3=CC=CC=C3)=C2C=C1)N(C)C","substrate"
"CN(C)CCNC1=CC=C2N=C(C)N3C2=C1C(=O)C1=CC(O)=CC=C31","substrate"
"CCN(CC)CCCNC1=CC=C2N=C(C)N3C2=C1C(=O)C1=CC(O)=CC=C31","substrate"
"CCN(CC)CCNC1=CC=C2N=C(C)N3C2=C1C(=O)C1=CC(O)=CC=C31","substrate"
"CN(C)CCNC1=CC=C2N=CN3C2=C1C(=O)C1=CC(O)=CC=C31","substrate"
"CN(C)CCCNC1=CC=C2N=CN3C2=C1C(=O)C1=CC(O)=CC=C31","substrate"
"CCN(CC)CCCNC1=CC=C2N=CN3C2=C1C(=O)C1=CC(O)=CC=C31","substrate"
"CCN(CC)CCNC1=CC=C2N=CN3C2=C1C(=O)C1=CC=C(O)C=C31","substrate"
"CN(C)CCCCCNC1=CC=C2N=CN3C2=C1C(=O)C1=CC(O)=CC=C31","substrate"
"CCN(CC)CCNC1=CC=C2N=CN3C2=C1C(=O)C1=CC=CC(O)=C31","substrate"
"CCCCN(CCCC)CNC1=CC=C2N=C(C)N3C2=C1C(=O)C1=CC(O)=CC=C31","substrate"
"CCN(CC)CCNC1=CC=C2N=CN3C2=C1C(=O)C1=CC(=CC=C31)C(C)(C)C","substrate"
"CCN(CC)CCNC1=CC=C2N=CN3C2=C1C(=O)C1=CC(C)=CC=C31","substrate"
"CN(C)CCNC1=CC=C2N=C(C)N3C2=C1C(=O)C1=CC=CC=C31","substrate"
"CCN(CC)CCCCCCCCCNC1=CC=C2N=CN3C2=C1C(=O)C1=CC(O)=CC=C31","substrate"
"CN(C)CCCNC1=CC=C2N=CN3C2=C1C(=O)C1=CC=CC=C31","substrate"
"COC1=CC=C2N3C(C)=NC4=CC=C(NCCCN(C)C)C(=C34)C(=O)C2=C1","substrate"
"CCN(CC)CCNC1=CC=C2N=CN3C2=C1C(=O)C1=CC=CC=C31","substrate"
"CCN(CC)CCNC1=CC=C2N=CN3C2=C1C(=O)C1=C(OC)C=CC(OC)=C31","substrate"
"CCN(CC)CCCNC1=CC=C2N=C(C)N3C2=C1C(=O)C1=CC(OC)=CC=C31","substrate"
"CN(C)CCNC1=CC=C2N=CN3C2=C1C(=O)C1=CC=CC=C31","substrate"
"CCN(CC)CCNC1=CC=C2N=CN3C2=C1C(=O)C1=CC(OC)=CC=C31","substrate"
"CN(C)CCCCCNC1=CC=C2N=CN3C2=C1C(=O)C1=CC=CC=C31","substrate"
"COC1=C(OC)C=C2C(=C1)C(=O)N(CCNCCN(C)C)C1=C2C=NC2=CC3=C(OCO3)C=C12","substrate"
"COC1=C(OC)C=C2C(=C1)C(=O)N(CCNC(CO)CO)C1=C2C=NC2=CC3=C(OCO3)C=C12","substrate"
"COC1=C(OC)C=C2C(=C1)C(=O)N(CCN(CCO)CCO)C1=C2C=NC2=CC3=C(OCO3)C=C12","substrate"
"CN(C)CCC=C1C2=CC=CC=C2SC2=C1C=C(Cl)C=C2","non-substrate"
"OCCN1CCN(CCC=C2C3=C(SC4=C2C=C(C=C4)C(F)(F)F)C=CC=C3)CC1","non-substrate"
"COC(=O)C1=C(C)NC(C)=C(C1C1=CC=CC2=NON=C12)C(=O)OC(C)C","non-substrate"
"CN(C)C(=O)C(CCN1CCC(O)(CC1)C1=CC=C(Cl)C=C1)(C1=CC=CC=C1)C1=CC=CC=C1","non-substrate"
"CC(C)(C)C1=CC=C(C=C1)C(O)CCCN1CCC(CC1)C(O)(C1=CC=CC=C1)C1=CC=CC=C1","non-substrate"
"CSC1=CC=C2SC3=CC=CC=C3N(CCC3CCCCN3C)C2=C1","non-substrate"
"CCCCC1=C(C(=O)C2=CC(I)=C(OCCN(CC)CC)C(I)=C2)C2=CC=CC=C2O1","non-substrate"
"CCC1=C(C(=O)C2=CC(Br)=C(O)C(Br)=C2)C2=CC=CC=C2O1","non-substrate"
"CC(C)[C@@]1(NC(=O)[C@H]2CN(C)[C@@H]3CC4=CNC5=CC=CC(=C45)C3=C2)O[C@@]2(O)[C@@H]3CCCN3C(=O)[C@H](CC3=CC=CC=C3)N2C1=O","non-substrate"
"C[C@H]1C[C@H]2[C@@H]3CC[C@](O)(C(C)=O)[C@@]3(C)CC[C@@H]2[C@@]2(C)CCC(=O)C=C12","non-substrate"
"CC#C[C@]1(O)CC[C@H]2[C@@H]3CCC4=CC(=O)CCC4=C3[C@H](C[C@]12C)C1=CC=C(C=C1)N(C)C","non-substrate"
"CCN(CC)CC1=CC(NC2=CC=NC3=CC(Cl)=CC=C23)=CC=C1O","non-substrate"
"CC(C)(C)NC(=O)CSC1=NC2=CC=C(NC3=NC(=NC(=N3)N3CCOCC3)N3CCOCC3)C=C2S1","non-substrate"
"CC(=O)CSC1=NC2=CC=C(NC3=NC(=NC(=N3)N3CCOCC3)N3CCOCC3)C=C2S1","non-substrate"
"O=C(CSC1=NC2=CC=C(NC3=NC(=NC(=N3)N3CCOCC3)N3CCOCC3)C=C2S1)N1CCCC1","non-substrate"
"CC(C)C1OC(=O)C(C(C)C)N(C)C(=O)C(OC(=O)C(C(C)C)N(C)C(=O)C(OC(=O)C(C(C)C)N(C)C1=O)C(C)C)C(C)C","non-substrate"
"CC(C)[C@H]1OC(=O)[C@H](CC2=CC=CC=C2)N(C)C(=O)[C@H](OC(=O)[C@H](CC2=CC=CC=C2)N(C)C(=O)[C@H](OC(=O)[C@H](CC2=CC=CC=C2)N(C)C1=O)C(C)C)C(C)C","non-substrate"
"OCC(O)COC(=O)C1=C(NC2=C3C=CC(Cl)=CC3=NC=C2)C=CC=C1","non-substrate"
"CCCCNC1=C2C=NN(CC)C2=NC(C)=C1C(=O)OCC","non-substrate"
"CNC1=CC=C2OC(C[C@H]3O[C@@]4(CC[C@H]3C)O[C@H]([C@H](C)C(=O)C3=CC=CN3)[C@H](C)C[C@H]4C)=NC2=C1C(O)=O","non-substrate"
"CS(O)(=O)=O.COC1=C(OC)C=C2C(N)=NC(=NC2=C1)N1CCN(CC1)C(=O)C1COC2=CC=CC=C2O1","non-substrate"
"Cl.CC1=C(OC2=C(C=CC=C2C1=O)C(=O)OCCN1CCCCC1)C1=CC=CC=C1","non-substrate"
"CS(O)(=O)=O.CN1C[C@@H](C[C@H]2[C@H]1CC1=CNC3=CC=CC2=C13)C(=O)N[C@]1(C)O[C@@]2(O)[C@@H]3CCCN3C(=O)[C@H](CC3=CC=CC=C3)N2C1=O","non-substrate"
"COC1=CC=C2C(NC3=C2CCN=C3C)=C1","non-substrate"
"OC(=O)C=C/C(O)=O.COC1=C(C=C(Cl)C(N)=C1)C(=O)NC1CCN(CC2=CC=CC=C2)CC1","non-substrate"
"COC1=C(O)C=CC(=C1)C1=C(O)C(=O)C2=C(O)C=C(O)C=C2O1","non-substrate"
"COC1=CC(N)=C(Cl)C=C1C(=O)NC1CCN(CC2=CC=CC=C2)CC1","non-substrate"
"COC1=CC2=C(C=C1OC)[C@H]1[C@@H](CO2)OC2=C(C=CC3=C2C[C@@H](O3)C(C)=C)C1=O","non-substrate"
"OC(=O)CC(O)(CC(O)=O)C(O)=O.CCN(CC)CCOC1=CC=C(C=C1)C(=C(Cl)C1=CC=CC=C1)C1=CC=CC=C1","non-substrate"
"CC1=CC(O)=C2C(=O)C3=C(C=C(O)C=C3O)C(=O)C2=C1","non-substrate"
"COC(=O)NC1=NC2=CC=C(C=C2N1)C(=O)C1=CC=C(F)C=C1","non-substrate"
"CC(C)(C(=O)C1=CC=CN=C1)C1=CN=CC=C1","non-substrate"
"OC1CCN(CCCN2C3=CC=CC=C3SC3=CC=C(C=C23)C#N)CC1","non-substrate"
"CN(C)CCCN1C2=CC=CC=C2SC2=C1C=C(C=C2)C(C)=O","non-substrate"
"CC(C)C(=O)NC1=CC(=C(C=C1)[N+]([O-])=O)C(F)(F)F","non-substrate"
"CC(C)=CCC[C@]1(C)C=CC2=C(O)C3=C(O[C@@]45[C@H]6C[C@@H](C=C4C3=O)C(=O)[C@]5(CC=C(C)C(O)=O)OC6(C)C)C(CC=C(C)C)=C2O1","non-substrate"
"CC(=O)C1=CC2=C(SC3=C(C=CC=C3)N2CCCN2CCC(CCO)CC2)C=C1","non-substrate"
"C[C@H]1O[C@H](C[C@H](O)[C@@H]1O)O[C@H]1[C@@H](O)C[C@H](O[C@H]2[C@@H](O)C[C@H](O[C@H]3CC[C@@]4(C)[C@H](CC[C@@H]5[C@@H]4CC[C@]4(C)[C@H](CC[C@]54O)C4=CC(=O)OC4)C3)O[C@@H]2C)O[C@@H]1C","non-substrate"
"OC(=O)C=C/C(O)=O.CC(=O)C1=CC2=C(SC3=CC=CC=C3N2CCCN2CCN(CCO)CC2)C=C1","non-substrate"
"COC1=CC=C(C=C1O)C1=CC(=O)C2=C(O)C(OC)=C(OC)C=C2O1","non-substrate"
"C[C@]12CC[C@H]3[C@@H](CCC4=C3C=CC(OC(=O)CCC(O)=O)=C4)[C@@H]1CCC2=O","non-substrate"
"CC[C@H]1CC[C@H]2O[C@@]3(CC[C@@H](C)[C@@H](C[C@H](C)O)O3)[C@H](C)[C@@H](OC(=O)C=C[C@@H](C)[C@H](O)[C@@H](C)C(=O)[C@@H](C)[C@H](O)[C@@H](C)C(=O)[C@@](C)(O)[C@H](O)[C@@H](C)CC=CC=C1)[C@H]2C","non-substrate"
"Cl.CC\C(=C(/C1=CC=C(O)C=C1)C1=CC=C(OCCN(C)C)C=C1)C1=CC=C(OC2=CC=CC=C2)C=C1","non-substrate"
"NC(=S)NN=CC1=NC=C(O)C=C1","substrate"
"O[C@@H]1[C@@H](O)[C@H](O)[C@H]2[C@@H](NC(=O)C3=C2C=C2OCOC2=C3O)[C@@H]1O","substrate"
"I.CN(CCC1=NC=CC=C1)C1=CC=C2C(=C1)C(=O)C1=C2C=CC=C1","non-substrate"
"COC1C(N)C(=O)C2=C(C=CC(=N2)C2=NC(C(=O)OC)=C(C)C(=C2N)C2=C(O)C(OC)=C(OC)C=C2)C1=O","non-substrate"
"C[C@]12CC[C@H]3[C@@H](CCC4=C3C=C(Br)C(O)=C4Br)[C@@H]1CC[C@@H]2O","non-substrate"
"CSC(=S)NNC(=O)C1=CC=CC=C1","non-substrate"
"OC(=O)C=CC(O)=O.OC(=O)C=CC(O)=O.OC(=O)C=CC(O)=O.OC(COC1=CC=CC2=NC=CC=C12)CN1CCN(CC1)C(=O)C(C1=CC=CC=C1)C1=CC=CC=C1.OC(COC1=CC=CC2=NC=CC=C12)CN1CCN(CC1)C(=O)C(C1=CC=CC=C1)C1=CC=CC=C1","non-substrate"
"OS(=O)(=O)OC1=CC=C(C=C1)[N+]([O-])=O","substrate"
"CC(=O)NC1=CC=C(OS(O)(=O)=O)C=C1","substrate"
"COC1=CC(=CC(OC)=C1O)C1=C(OC2OC(CO)[C@@H](O)C(O)[C@H]2O)C=C2C(OC3OC(CO)[C@@H](O)C(O)[C@H]3O)=CC(O)=CC2=[O+]1","substrate"
"COC1=CC(=CC=C1O)C1=C(O[C@@H]2O[C@H](CO)[C@@H](O)[C@H](O)[C@H]2O)C=C2C(O)=CC(O)=CC2=[O+]1","substrate"
"OC1=CC(O)=C2C=C(O)C(=[O+]C2=C1)C1=CC=C(O)C(O)=C1","non-substrate"
"COC1=CC(=CC=C1O)C1=C(O)C=C2C(O)=CC(O)=CC2=[O+]1","non-substrate"
"OC[C@H]1O[C@@H](OC2=CC3=C(O[C@@H]4O[C@H](CO)[C@@H](O)[C@H](O)[C@H]4O)C=C(O)C=C3[O+]=C2C2=CC(O)=C(O)C=C2)[C@H](O)[C@@H](O)[C@@H]1O","non-substrate"
"OC1=CC=C(C=C1)C1=C(O)C=C2C(O)=CC(O)=CC2=[O+]1","non-substrate"
"OC1=CC(O)=C2C=C(O)C(=[O+]C2=C1)C1=CC(O)=C(O)C(O)=C1","non-substrate"
"OC[C@H]1O[C@@H](OC2=CC3=C(O)C=C(O)C=C3[O+]=C2C2=CC(O)=C(O)C(O)=C2)[C@H](O)[C@@H](O)[C@@H]1O","non-substrate"
"C[C@@H]1O[C@@H](OC[C@H]2O[C@@H](OC3=CC4=C(O)C=C(O)C=C4[O+]=C3C3=CC=C(O)C(O)=C3)[C@H](O)[C@@H](O)[C@@H]2O)[C@H](O)[C@H](O)[C@H]1O","non-substrate"
"OC[C@H]1O[C@@H](OC2=CC3=C(O[C@@H]4O[C@H](CO)[C@@H](O)[C@H](O)[C@H]4O)C=C(O)C=C3[O+]=C2C2=CC=C(O)C=C2)[C@H](O)[C@@H](O)[C@@H]1O","non-substrate"
"[O-][N+](=O)C1=C(NC(=O)NC2=CC=C(CCN3CCC4=C(C3)C=CC=C4)C=C2)C=CC=C1","non-substrate"
"COC1=C(OC)C=C2CN(CCC3=CC=C(NC(=O)NC4=C(C=CC=C4)[N+]([O-])=O)C=C3)CCC2=C1","non-substrate"
"COC1=C(OC)C=C2CN(CCC3=CC=C(NC(=O)NC4=CC=C(C=C4)[N+]([O-])=O)C=C3)CCC2=C1","non-substrate"
"NC1=C(NC(=O)NC2=CC=C(CCN3CCC4=CC=CC=C4C3)C=C2)C=CC=C1","non-substrate"
"COC1=CC2=C(CN(CCC3=CC=C(NC(=O)NC4=C(N)C=CC=C4)C=C3)CC2)C=C1OC","non-substrate"
"COC1=CC2=C(CN(CCC3=CC=C(NC(=O)NC4=CC=C(N)C=C4)C=C3)CC2)C=C1OC","non-substrate"
"[O-][N+](=O)C1=C(C=CC=C1)C(=O)NC1=CC=C(CCN2CCC3=CC=CC=C3C2)C=C1","non-substrate"
"COC1=CC2=C(CN(CCC3=CC=C(NC(=O)C4=C(C=CC=C4)[N+]([O-])=O)C=C3)CC2)C=C1OC","non-substrate"
"COC1=CC2=C(CN(CCC3=CC=C(NC(=O)C4=CC=C(C=C4)[N+]([O-])=O)C=C3)CC2)C=C1OC","non-substrate"
"NC1=C(C=CC=C1)C(=O)NC1=CC=C(CCN2CCC3=CC=CC=C3C2)C=C1","non-substrate"
"COC1=CC2=C(CN(CCC3=CC=C(NC(=O)C4=CC=C(N)C=C4)C=C3)CC2)C=C1OC","non-substrate"
"COC1=CC=C(C=C1OC)C(=O)NC1=C(NC(=O)NC2=CC=C(CCN3CCC4=CC(OC)=C(OC)C=C4C3)C=C2)C=CC=C1","non-substrate"
"COC1=C(OC)C=C2CN(CCC3=CC=C(NC(=O)C4=C(NC(=O)NC5=CC=C(C=C5)[N+]([O-])=O)C=CC=C4)C=C3)CCC2=C1","non-substrate"
"COC(CC1=CC=C(O)C=C1)C(=O)NC=CC1=CC=C(O)C=C1","non-substrate"
"COC(=C/C1=CC=C(O)C=C1)C(=O)NCCC1=CC=C(O)C=C1","non-substrate"
"COC(CC1=CC=C(O)C=C1)C(=O)NCCC1=CC=C(O)C=C1","non-substrate"
"OC1=CC=C(C=CNC(=O)C=CC2=CC=C(O)C=C2)C=C1","non-substrate"
"COC(=C/C1=CC=C(O)C=C1)C(=O)NC[C@@H](O)C1=CC=C(O)C=C1","non-substrate"
"COC(=C/C1=CC=CC=C1)C(=O)NC=CC1=CC=C(O)C=C1","non-substrate"
"COC(=C/C1=CC=C(O)C(O)=C1)C(=O)NC=CC1=CC=C(O)C=C1","non-substrate"
"COC(=C/C1=CC(Br)=C(O)C(Br)=C1)C(=O)NC=CC1=CC=C(O)C=C1","non-substrate"
"COC(=C/C1=CC(Br)=C(O)C(Br)=C1)C(=O)NC=CC1=CC=C(OC(C)=O)C=C1","non-substrate"
"COC(=C/C1=CC=C(OCC2=CC=CC=C2)C=C1)C(=O)NC=CC1=CC=C(O)C=C1","non-substrate"
"CCCCCCCCCCCCCC=C[C@@H](O)[C@@H](N)COP(O)(O)=O","substrate"
"CN1N=NC2=C(N=CN2C1=O)C(N)=O","substrate"
"NC1=NC2=C(N=CN2COC(CO)CO)C(=O)N1","substrate"
"CN(C)CCNC(=O)CCC1=[N+]2C(C=C1)=CC1=C(C)C=C(C)N1[B-]2(F)F","substrate"
"COC1=CC=C(C=C1)C1=COC2=CC(O)=CC=C2C1=O","non-substrate"
"COC1=CC=C(C=C1)C1=COC2=CC(O[C@@H]3O[C@H](CO)[C@@H](O)[C@H](O)[C@H]3O)=CC=C2C1=O","non-substrate"
"COC1=CC=C(C=C1)C1=COC2=CC(OC)=CC=C2C1=O","non-substrate"
"O[C@@H]1[C@@H](O)[C@H](OC2=CC=C3C(OC=C(C3=O)C3=CC=C(O)C=C3)=C2)O[C@@H]([C@H]1O)C(O)=O","non-substrate"
"OC[C@H]1O[C@@H](OC2=CC(O)=C3C(=O)C(=COC3=C2)C2=CC=C(O)C=C2)[C@H](O)[C@@H](O)[C@@H]1O","non-substrate"
"COC1=CC=C(C=C1)C1=COC2=CC(O[C@@H]3O[C@H](CO)[C@@H](O)[C@H](O)[C@H]3O)=CC(O)=C2C1=O","non-substrate"
"COC1=CC=C(C=C1)C1=COC2=CC(OC)=CC(O)=C2C1=O","non-substrate"
"OCC1OC(OC2=CC=C(C=C2)C2=COC3=CC(O)=CC(O)=C3C2=O)[C@H](O)C(O)[C@@H]1O","non-substrate"
"COC1=CC(O)=C2C(=O)C(=COC2=C1)C1=CC=C(O)C=C1","non-substrate"
"COC1=C(O)C=C2OC=C(C(=O)C2=C1)C1=CC=C(O)C=C1","non-substrate"
"OC1=CC=C(C=C1)C1=COC2=CC(O)=C(O)C=C2C1=O","non-substrate"
"COC1=CC=C(C=C1)C1=COC2=CC(OC)=C(OC)C=C2C1=O","non-substrate"
"OC1=CC=C2C(OC=C(C2=O)C2=CC(O)=C(O)C=C2)=C1","non-substrate"
"COC1=CC(C)=C2C(=O)C(=COC2=C1)C1=CC=CC=C1","non-substrate"
"CC(C)OC1=CC=C2C(=O)C(=COC2=C1)C1=CC=CC=C1","non-substrate"
"OC[C@H]1O[C@@H](OC2=CC=C3C4=C(C5=CC=C(O)C=C5O4)C(=O)OC3=C2)[C@H](O)[C@@H](O)[C@@H]1O","non-substrate"
"CC(NC(C)(C)CO)C(=O)C1=CC=CC(Cl)=C1","substrate"
"COC1=C2C3=C(C(=O)C=C(C)O3)C(O)=C(OC)C2=CC(O)=C1","non-substrate"
"CCCC1=CC(=O)C2=C(O1)C1=C(OC)C=C(O)C=C1C=C2OC","non-substrate"
"COC1=C2C(=CC(O)=C1)C=C(O)C1=C2OC(C)=CC1=O","non-substrate"
"CCCC1=CC(=O)C2=C(O1)C1=C(OC)C=C(O)C=C1C=C2O","non-substrate"
"CCCC1=CC(=O)C2=C(O1)C1=C(OC)C=C(O)C=C1C(OC)=C2O","non-substrate"
"CCCC1=CC(=O)C2=C(O1)C1=C(OC)C=C(O)C=C1C(OC)=C2OC","non-substrate"
"OCCC1=CC=C(NC(=O)C2=CC=CC=C2NC(=O)C2=CC=C(C=C2)[N+]([O-])=O)C=C1","non-substrate"
"CC1=CC=C(C=C1)C(=O)NC1=CC=CC=C1C(=O)NC1=CC=C(CCO)C=C1","non-substrate"
"O=C(NC1=CC=CC=C1C(=O)NC1=CC=C(CCN2CCC3=C(C2)C=CC=C3)C=C1)C1=CC=CC=C1","non-substrate"
"[O-][N+](=O)C1=CC=CC=C1C(=O)NC1=CC=CC=C1C(=O)NC1=CC=C(CCN2CCC3=C(C2)C=CC=C3)C=C1","non-substrate"
"CC1=CC=C(C=C1)C(=O)NC1=CC=CC=C1C(=O)NC1=CC=C(CCN2CCC3=C(C2)C=CC=C3)C=C1","non-substrate"
"CCCCCCCCCCOC(C)C1=C(C)/C2=C/C3=N/C(/[C@@H](CCC(O)=O)[C@@H]3C)=C3/CC(=O)C4=C3NC(/C=C3N=C(C=C1/N2)C(C)=C3CC)=C4C","substrate"
"CCC1=C(C)C2=NC1=C/C1=C(C)C3=C(N1)C(CC3=O)=C1/N=C(/C=C3N/C(=C2)C(C(C)OCC2=CC(I)=CC=C2)=C3C)[C@@H](C)[C@@H]1CCC(O)=O","substrate"
"CCC1=C(C)/C2=C/C3=N/C(/[C@@H](CCC(=O)OC)[C@@H]3C)=C3C4=C(C(C)=C(N4)/C=C4N=C(C=C1/N2)C(C)=C4CC)C(=O)N(CC(=C)C=C)C3=O","substrate"
"CS(O)(=O)=O.CN1C[C@@H]2C[C@H]1CN2C1=C(F)C=C2C(=O)C(=CN(C3CC3)C2=C1)C(O)=O","substrate"
"CCN1CCN(CC1)C1=C(F)C=C2C(=O)C(=CN(C3CC3)C2=C1)C(O)=O","substrate"
"COC1=CC2=NC(=NC(N)=C2C=C1OC)N(C)CCCNC(=O)C1CCCO1","substrate"
"CCC1=CC=C(OCC(=O)NN=CC2=CC=C(O2)SC2=NC3=CC=CC=C3C(=O)N2C2=CC=CC=C2)C=C1","non-substrate"
"[O-][N+](=O)C1=CC=C(OC2=CC=C(C=C2)C(=O)COC(=O)CNC(=O)CNC(=O)C2=CC=C(Cl)C=C2)C=C1","non-substrate"
"CC(=N/NC(=O)C1=C2C=CC=CC2=NC(=C1)C1=CC=C(O)C=C1)C1=CC=C(NC(=O)C2=CC=CO2)C=C1","non-substrate"
"COC1=CC(NC(=O)CSC2=NC(=CC3=CC=C(C=C3)N(C)C)C(=O)N2C2=CC=CC=C2)=C(OC)C=C1","non-substrate"
"CC1=C2N=C(NC2=CC(=C1)N1CCOCC1)C1=C(NC[C@@H](O)C2=CC=CC(Cl)=C2)C=CNC1=O","substrate"
"COC[C@H]1CN(C(=O)O1)C1=CC=C(OCC[C@@H](O)C(F)(F)F)C=C1","substrate"
"CC=C1/NC(=O)[C@H]2CSSCCC=C[C@H](CC(=O)N[C@H](C(C)C)C(=O)N2)OC(=O)[C@H](C(C)C)NC1=O","non-substrate"
"COC[C@H](N1CCN(C[C@@H]1C)C1(C)CCN(CC1)C(=O)C1=C(C)N=CN=C1C)C1=CC=C(C=C1)C(F)(F)F","non-substrate"
"CC(C)C1=NN=C(C)N1C1C[C@@H]2CC[C@H](C1)N2CC[C@H](NC(=O)C1CCC(F)(F)CC1)C1=CC=CC=C1","non-substrate"
"OC(=O)C1=NC2=CC=CC=C2C(O)=C1","non-substrate"
"OC(=O)CNC(=O)C1=CC=CC=C1","non-substrate"
"OS(=O)(=O)OC1=CNC2=CC=CC=C12","non-substrate"
"NC1=NC(=O)C2=C(NC=C2CCC2=CC=C(C=C2)C(=O)N[C@@H](CCC(O)=O)C(O)=O)N1","substrate"
"CC1=CC(C)=C2C=C3C=CC(CCC(=O)NCCCCCC(=O)NCCOCCOCCOCCOCC4=CN(C=N4)C4=CC(=CC(NC(=O)C5=CC=C(C)C(NC6=NC(=CC=N6)C6=CC=CN=C6)=C5)=C4)C(F)(F)F)=[N+]3[B-](F)(F)N12","substrate"
"CCN(CCO)CCCOC1=CC2=NC=NC(NC3=NNC(CC(=O)NC4=CC(F)=CC=C4)=C3)=C2C=C1","substrate"
"NC(=O)C1=CC(=CC=C1)C1=CC(OC(=O)NC2CCCCC2)=CC=C1O","substrate"
"NC1=NC2=C(N=CN2COCCO)C(=O)N1","substrate"
"[O-][N+](=O)C1=CN=CC=C1CNC1=C(SC=C1)C(=O)NC1=CC=C(OC(F)(F)F)C=C1","non-substrate"
"[O-][N+](=O)C1=CC=CC=C1CNC1=C(SC=C1)C(=O)NC1=CC=C(OC(F)(F)F)C=C1","non-substrate"
"COC1=CC=C(C[C@H](N)C(=O)N[C@@H]2[C@@H](CO)O[C@H]([C@@H]2O)N2C=NC3=C(N=CN=C23)N(C)C)C=C1","substrate"
"CC(=O)OCOC(=O)CCC1=CC2=C(OC3=C(C=C(CCC(=O)OCOC(C)=O)C(OCOC(C)=O)=C3)C22OC(=O)C3=C2C=CC(=C3)C(=O)OCOC(C)=O)C=C1OCOC(C)=O","substrate"
"C1=CC=C2C(=C1)C=C1C=CC3=CC=CC4=C3C1=C2C=C4","substrate"
"C[C@@]1(O)C(=O)OCC2=C1C=C1N(CC3=C1N=C1C=CC=CC1=C3C=NOCC1=CC=C(N)C=C1)C2=O","substrate"
"CC[C@@]1(C)C(=O)OCC2=C1C=C1N(CC3=C1C=C1C=CC=CC1=C3C=NOCCN)C2=O","substrate"
"C[C@@H]1CC2=C(C(=O)O1)C(O)=C(C=C2Cl)C(=O)N[C@@H](CC1=CC=CC=C1)C(O)=O","substrate"
"O[C@@H]1[C@@H](O)[C@H](OC2=C(OC3=CC(O)=CC(O)=C3C2=O)C2=CC(O)=C(O)C=C2)O[C@@H]([C@H]1O)C(O)=O","substrate"
"CC1=C2NC3=CC(OS(O)(=O)=O)=CC=C3C2=CC=N1","substrate"
"OC1=CC=C(C=CC(=O)CC(=O)C=CC2=CC=C(O)C=C2)C=C1","substrate"
"CCCCC(CC)COC(=O)C1=C(C=CC=C1)C(=O)OCC(CC)CCCC","substrate"
"CC(=C/CO)C=CC=C(/C)C=CC1=C(C)CCCC1(C)C","substrate"
"[Cl-].CC1=C(CCO)SC=[N+]1CC1=CN=C(C)N=C1N","substrate"
"CC1=NC=C(CO)C(CO)=C1O","substrate"
"CC(C)CCC[C@@H](C)CCC[C@@H](C)CCC[C@]1(C)CCC2=C(C)C(O)=C(C)C(C)=C2O1","substrate"
"CC(C)CCC[C@@H](C)CCC[C@@H](C)CCCC(C)=CCC1=C(C)C(=O)C2=C(C=CC=C2)C1=O","substrate"
"COC(=O)NC1=NC2=CC=C(SC3=CC=CC=C3)C=C2N1","substrate"
"CCCCCC1=C(C)NC(C=C2NC(C=C2OC)=C2/C=CC=N2)=C1","substrate"
"CN1C=NC2=C1C(=O)N(CCCCC(C)=O)C(=O)N2C","substrate"
"CC[C@@]1(C)C(=O)CC2=C1C=C1N(CC3=C(C4CCC4)C4=CC5=C(OCO5)C=C4N=C13)C2=O","substrate"
"CN1[C@H](C[C@H](O)C2=CC=CC=C2)CCC[C@@H]1CC(=O)C1=CC=CC=C1","substrate"
"CC[C@@]1(O)C(=O)OCC2=C1C=C1N(CC3=C1N=C1C=CC=CC1=C3C=NOCCN1CCOCC1)C2=O","substrate"
"OC[C@H](O)[C@H]1OC(=O)C(O)=C1O","substrate"
"CCCSC1=CC=C2N=C(NC(=O)OC)NC2=C1","substrate"
"OC(=O)CCC1=CC2=C(OC3=C(C=C(CCC(O)=O)C(O)=C3)C22OC(=O)C3=CC(=CC=C23)C(O)=O)C=C1O","substrate"
"CC(C)(C)C1=CC(O)=CC=C1O","non-substrate"
"COC1=CC=C(C=CC2=CC=CC=C2)C=C1","non-substrate"
"COC1=CC=C(C=CC2=CC=CC(OC)=C2OC)C=C1","non-substrate"
"COC1=CC=C(C=CC2=CC(OC)=CC(OC)=C2)C=C1","non-substrate"
"COC1=CC=C(C=CC2=CC(OC)=C(OC)C=C2)C=C1","non-substrate"
"COC1=CC=C(C=CC2=CC(OC)=CC(OC)=C2OC)C=C1","non-substrate"
"COC1=CC(C=CC2=CC(OC)=CC(OC)=C2OC)=CC(OC)=C1","non-substrate"
"COC1=C(O[C@@H]2O[C@@H]([C@@H](O)[C@H](O)[C@H]2O)C(O)=O)C=C(C=C1)[C@@H]1CC(=O)C2=C(O)C=C(O)C=C2O1","non-substrate"
"COC1=CC=C(C=CC(=O)C2=C(O)C=C(O)C=C2)C=C1","non-substrate"
"COC1=CC=C(C=CC(=O)C2=C(O)C=C(O)C=C2)C=C1OC","non-substrate"
"COC1=CC=CC(C=CC(=O)C2=C(O)C=C(O)C=C2)=C1","non-substrate"
"COC1=CC(O)=C(C=C1)C(=O)C=CC1=CC=CC=C1","non-substrate"
"COC1=CC=C(C=CC(=O)C2=CC=C(OC)C=C2O)C=C1","non-substrate"
"COC1=CC(O)=C(C=C1)C(=O)C=CC1=CC(OC)=CC=C1","non-substrate"
"COC1=CC(O)=C(C=C1)C(=O)C=CC1=C(Cl)C=CC=C1","non-substrate"
"COC1=CC(O)=C(C=C1)C(=O)C=CC1=CC=C(Cl)C=C1","non-substrate"
"COC1=CC=C(C=CC(=O)C2=C(OC)C=C(OC)C=C2)C=C1","non-substrate"
"COC1=CC(OC)=C(C=C1)C(=O)C=CC1=CC(OC)=C(OC)C=C1","non-substrate"
"COC1=CC=C(C=CC(=O)C2=C(O)C=C(OC)C=C2OC)C=C1","non-substrate"
"COC1=CC(OC)=C(C(=O)C=CC2=CC(OC)=C(OC)C=C2)C(O)=C1","non-substrate"
"COC1=CC(O)=C(C(=O)C=CC2=C(Cl)C=CC=C2)C(OC)=C1","non-substrate"
"COC1=CC=C(C=CC(=O)C2=CC(OC)=C(OC)C=C2)C=C1","non-substrate"
"COC1=CC=C(C=C1OC)C(=O)C=CC1=CC(OC)=C(OC)C=C1","non-substrate"
"OC1=C(C=CC2=CC=CC=C12)C(=O)C=CC1=CC=CC=C1","non-substrate"
"COC1=CC=C(C=CC(=O)C2=CC=C3C=CC=CC3=C2O)C=C1","non-substrate"
"COC1=C(OC)C=C(C=CC(=O)C2=C(O)C3=CC=CC=C3C=C2)C=C1","non-substrate"
"COC1=CC=CC(C=CC(=O)C2=CC=C3C=CC=CC3=C2O)=C1","non-substrate"
"OC1=C(C=CC2=CC=CC=C12)C(=O)C=CC1=CC(Cl)=C(Cl)C=C1","non-substrate"
"OC1=CC=C2C=CC=CC2=C1C(=O)C=CC1=CC=CC=C1","non-substrate"
"COC1=CC=C(C=CC(=O)C2=C3C=CC=CC3=CC=C2O)C=C1","non-substrate"
"COC1=C(OC)C=C(C=CC(=O)C2=C3C=CC=CC3=CC=C2O)C=C1","non-substrate"
"COC1=CC=CC(C=CC(=O)C2=C3C=CC=CC3=CC=C2O)=C1","non-substrate"
"OC1=CC=C2C=CC=CC2=C1C(=O)C=CC1=C(Cl)C=CC=C1","non-substrate"
"OC1=CC=C2C=CC=CC2=C1C(=O)C=CC1=CC(Cl)=C(Cl)C=C1","non-substrate"
"OC1=C2C(=O)C=C(OC2=CC=C1)C(=O)N1CCN(CC1)C1=CC=CC=C1","non-substrate"
"COC1=CC=C(CCOC2=C3C(=O)C=C(OC3=CC=C2)C(O)=O)C=C1OC","non-substrate"
"O=C(N1CCN(CC1)C1=CC=CC=C1)C1=CC(=O)C2=C(OCC3=CC=CC=C3)C=CC=C2O1","non-substrate"
"O=C(N1CCN(CC1)C1=NC=CC=C1)C1=CC(=O)C2=C(OCC3=CC=CC=C3)C=CC=C2O1","non-substrate"
"O=C(N1CCN(CC2=CC=CC=C2)CC1)C1=CC(=O)C2=C(OCC3=CC=CC=C3)C=CC=C2O1","non-substrate"
"COC1=CC=C(CCOC2=C3C(=O)C=C(OC3=CC=C2)C(=O)NCCC2=CC(OC)=C(OC)C=C2)C=C1OC","non-substrate"
"COC1=CC=C2NC=C(CCNC(=O)C3=CC(=O)C4=C(OCC5=CC=CC=C5)C=CC=C4O3)C2=C1","non-substrate"
"COC1=CC=C2NC=C(CCNC(=O)C3=CC(=O)C4=C(OCC5=CC=C(C)C=C5)C=CC=C4O3)C2=C1","non-substrate"
"COC1=CC=C2NC=C(CCNC(=O)C3=CC(=O)C4=C(OCCC5=CC=CC=C5)C=CC=C4O3)C2=C1","non-substrate"
"CC1CS(=O)(=O)CCN1N=CC1=CC=C(O1)[N+]([O-])=O","substrate"
"COC(=O)C1=C(C)NC(C)=C([C@@H]1C1=CC(=CC=C1)[N+]([O-])=O)C(=O)O[C@@H]1CCCN(CC2=CC=CC=C2)C1","non-substrate"
"COC(=O)C1=C(C)NC(C)=C(C1C1=C(C=CC=C1)[N+]([O-])=O)C(=O)OCC(C)C","non-substrate"
"CCOC(=O)C1=C(COCCN)NC(C)=C(C1C1=C(Cl)C=CC=C1)C(=O)OC","non-substrate"
"COC(=O)C1=C(C)NC(C)=C(C1C1=C(C=CC=C1)[N+]([O-])=O)C(=O)OC","non-substrate"
"CC[C@H](CO)NC1=NC(NCC2=C(O)C=CC=C2)=C2N=CN(C(C)C)C2=N1","non-substrate"
"CCNCCNC(=O)C1=C(C)NC(C=C2C(=O)NC3=CC=C(F)C=C23)=C1C","substrate"
"S=C1N=CNC2=C1N=CN2","substrate"
"NC1=NC2=C(NC=N2)C(=S)N1","substrate"
"COC1=CC2=NC=NC(NC3=CC(Br)=CC=C3)=C2C=C1OC","non-substrate"
"CNC1=CC2=C(NC3=CC(Br)=CC=C3)N=CN=C2C=N1","non-substrate"
"CS(=O)(=O)CCNCC1=NC(=CS1)C1=CC=C2N=CN=C(NC3=CC=C(OCC4=CC=CC(F)=C4)C(Cl)=C3)C2=C1","non-substrate"
"CN(C)C1=NC=C2N=CN=C(NC3=CC=C4N(CC5=CC=CC=C5)N=CC4=C3)C2=C1","non-substrate"
"COC1=CC(OC)=C(C=CC(=O)C2=C(OC)C=CC=C2OC)C(OC)=C1","non-substrate"
"COC1=CC=CC(OC)=C1C(=O)C=CC1=C(OC)C(OC)=C(OC)C=C1","non-substrate"
"COC1=CC=CC(OC)=C1C(=O)C=CC1=CC(OC)=C(OC)C=C1OC","non-substrate"
"COC1=CC=CC(OC)=C1C(=O)C=CC1=CC(OC)=C(OC)C(OC)=C1","non-substrate"
"CCOC1=CC=CC(OCC)=C1C(=O)C=CC1=C(OC)C=C(OC)C=C1OC","non-substrate"
"CCOC1=CC=CC(OCC)=C1C(=O)C=CC1=C(OC)C=C(OC)C=C1","non-substrate"
"COC1=CC(OC)=C(C=CC(=O)C2=C(OC)C=C(OC)C=C2)C=C1","non-substrate"
"COC1=CC(OC)=C(C=CC(=O)C2=C(OC)C=C(OC)C=C2OC)C=C1","non-substrate"
"CCOC1=CC(OCC)=C(C=CC(=O)C2=C(OCC)C=C(OCC)C=C2OCC)C(OCC)=C1","non-substrate"
"COC1=CC(O)=C(C=C1)C(=O)C=CC1=CC(OC)=CC(OC)=C1","non-substrate"
"COC1=CC(O)=C(C=C1)C(=O)C=CC1=CC=C(OC)C(OC)=C1OC","non-substrate"
"COC1=CC(O)=C(C=C1)C(=O)C=CC1=C(OC)C=C(OC)C=C1OC","non-substrate"
"COC1=CC(O)=C(C=C1)C(=O)C=CC1=CC=CC(OC)=C1OC","non-substrate"
"COC1=CC(O)=C(C=C1)C(=O)C=CC1=CC(OC)=CC=C1OC","non-substrate"
"COC1=CC(O)=C(C=C1)C(=O)C=CC1=CC(OC)=C(OC)C(OC)=C1","non-substrate"
"COC1=CC(O)=C(C=C1)C(=O)C=CC1=C(OC)C=CC=C1OC","non-substrate"
"COC1=CC(O)=C(C=C1)C(=O)C=CC1=CC=C(OC)C=C1OC","non-substrate"
"COC1=CC(OC)=C(C(=O)C=CC2=C(OC)C=CC=C2OC)C(O)=C1","non-substrate"
"COC1=CC(C=CC(=O)C2=C(OC)C=C(OC)C=C2O)=CC(OC)=C1","non-substrate"
"COC1=CC(OC)=C(C(=O)C=CC2=CC=CC=C2)C(O)=C1","non-substrate"
"COC1=CC(OC)=C(C(=O)C=CC2=C(OC)C=CC=C2)C(O)=C1","non-substrate"
"COC1=CC=CC(C=CC(=O)C2=C(O)C=C(OC)C=C2OC)=C1","non-substrate"
"COC1=CC(OC)=C(C(=O)C=CC2=CC(OC)=C(OC)C(OC)=C2)C(O)=C1","non-substrate"
"COC1=CC(OC)=C(C(=O)C=CC2=CC=C(OC)C(OC)=C2OC)C(O)=C1","non-substrate"
"CSC1=NC2=CC(OC3=CC=CC(Cl)=C3Cl)=C(Cl)C=C2N1","non-substrate"
"CCCCCCN=C=S","non-substrate"
"COC1=C(CC=C(/C)CCC(O)=O)C(OC2O[C@@H]([C@@H](O)[C@H](O)[C@H]2O)C(O)=O)=C2C(=O)OCC2=C1C","substrate"
"C[C@H](CCC(=O)NC(CCCCNC(=S)NC1=CC=C2C(=C1)C(=O)OC21C2=CC=C(O)C=C2OC2=CC(O)=CC=C12)C(O)=O)[C@H]1CC[C@H]2[C@@H]3[C@H](O)C[C@@H]4C[C@H](O)CC[C@]4(C)[C@H]3C[C@H](O)[C@]12C","substrate"
"CC(C)(C1=CC=C(O)C=C1)C1=CC=C(O)C=C1","substrate"
"CC(C)(C1=CC=C(O)C=C1)C1=CC=C(O[C@@H]2O[C@@H](C(O)[C@H](O)C2O)C(O)=O)C=C1","substrate"
"O=C(NCCC1=CNC2=CC=CC=C12)C1=CC(=O)C2=CC=CC=C2O1","non-substrate"
"CC1=CC=C2OC(=CC(=O)C2=C1)C(=O)NCCC1=CNC2=CC=CC=C12","non-substrate"
"FC1=CC=C2OC(=CC(=O)C2=C1)C(=O)NCCC1=CNC2=CC=CC=C12","non-substrate"
"BrC1=CC=C2OC(=CC(=O)C2=C1)C(=O)NCCC1=CNC2=CC=CC=C12","non-substrate"
"IC1=CC=C2OC(=CC(=O)C2=C1)C(=O)NCCC1=CNC2=CC=CC=C12","non-substrate"
"CN(C)C1=CC=C(C=C1)C1=NC2=C(N3CCN(CC(=O)NC4=NC=CS4)CC3)C(Cl)=CN=C2N1","non-substrate"
"CC1=CN([C@H]2C[C@H](N=[N+]=[N-])[C@@H](COP(O)(O)=O)O2)C(=O)NC1=O","substrate"
"CNC1=NC2=C(CC3=CC=CN=C3)C(C)=C(O)C(C)=C2S1","substrate"
"CC1=CC(=O)OC2=CC(OC3OC(O)[C@@H](O)C(O)[C@H]3O)=CC=C12","substrate"
"CC1=C(OC2OC(O)[C@@H](O)C(O)[C@H]2O)C(C)=C(CC2=CC=CN=C2)C2=C1SCN2","substrate"
"OC(=O)CNC(=O)[C@H](CS)NC(=O)CC[C@H](NC1=CC=C(C=C1[N+]([O-])=O)[N+]([O-])=O)C(O)=O","substrate"
"CC(C)C[C@@H]1N2[C@@H](CC3=C1NC1=CC=CC=C31)C(=O)N[C@@H](CCCCNC(=O)OC(C)(C)C)C2=O","non-substrate"
"CCOC(=O)C(C)(C)OC1=CC=C(Cl)C=C1","non-substrate"
"CC(C)(SC1=CC=C(CCN(CCCCC2CCCCC2)C(=O)NC2CCCCC2)C=C1)C(O)=O","non-substrate"
"OS(=O)(=O)C1=CC=C(C=C1)C1=C2C=CC(=N2)C(=C2/NC(C=C2)=C(/C2=N/C(/C=C2)=C(C2=CC=C1N2)C1=CC=CC=C1)C1=CC=CC=C1)C1=CC=C(C=C1)S(O)(=O)=O","substrate"
"OS(=O)(=O)C1=CC=C(C=C1)C1=C2CCC(=N2)C(=C2/NC(C=C2)=C(/C2=N/C(/C=C2)=C(C2=CC=C1N2)C1=CC=CC=C1)C1=CC=CC=C1)C1=CC=C(C=C1)S(O)(=O)=O","substrate"
"COC1=C(OC)C=C2C(N)=NC(=NC2=C1)N1CCN(CC1)C(=O)C1COC2=C(O1)C=CC=C2","non-substrate"
"OC1[C@@H](O)C(OC2=CC(O)=C3C(OC=C(C3=O)C3=CC=C(O)C=C3)=C2)OC([C@H]1O)C(O)=O","substrate"
"CC(C)NCC(O)COC1=C2C=CC=CC2=CC=C1","substrate"
"COCCC1=CC=C(OCC(O)CNC(C)C)C=C1","substrate"
"CC(C)NCC(O)COC1=CC=C(COCCOC(C)C)C=C1","substrate"
"CCC1(C(=O)NC(=O)NC1=O)C1=CC=CC=C1","substrate"
"O=C1NC(=O)C(N1)(C1=CC=CC=C1)C1=CC=CC=C1","substrate"
"CCC1(C(=O)NCNC1=O)C1=CC=CC=C1","substrate"
"NC(=O)N1C2=CC=CC=C2C=CC2=C1C=CC=C2","substrate"
"CCC1(C)CC(=O)NC1=O","substrate"
"NC1=NC(N)=C(N=N1)C1=C(Cl)C(Cl)=CC=C1","substrate"
"[O-][N+](=O)C1=CC2=C(NC(=O)CN=C2C2=C(Cl)C=CC=C2)C=C1","substrate"
"CCCC(CCC)C(O)=O","substrate"
"C[C@H]1CCC[C@@]2(C)O[C@H]2C[C@H](NC(=O)C[C@H](O)C(C)(C)C(=O)[C@H](C)[C@H]1O)C(C)=CC1=CSC(C)=N1","substrate"
"CN1C=NC2=C(NCC3=CC=CC=C3)N=C(NCCO)N=C12","non-substrate"
"C[C@H](CCC(=O)NCC(O)=O)[C@H]1CC[C@H]2[C@@H]3[C@H](O)C[C@@H]4C[C@H](O)CC[C@]4(C)[C@H]3C[C@H](O)[C@]12C","substrate"
"COC1=C(OS(O)(=O)=O)C=C2OC=C(C(=O)C2=C1)C1=CC=C(O)C=C1","substrate"
"OC1=CC2=C(C=C1)C1=C(C3=CC=C(OS(O)(=O)=O)C=C3O1)C(=O)C2","substrate"
"O[C@@H](CC(O)=O)C(O)=O.CN(C)CCN1C(=O)C2=CC=CC3=CC(N)=CC(C1=O)=C23","substrate"
"CN(C)CCN1C(=O)C2=CC=CC3=CC(NC(C)=O)=CC(C1=O)=C23","substrate"
"COC1=C(OC)C=C2C(=O)N(CCCN3C=CN=C3)C3=C(C(=O)C4=C3C=C3OCOC3=C4)C2=C1","substrate"
"COC1=C(OC)C=C2C(=O)N(CCCN3CCOCC3)C3=C(C(=O)C4=C3C=C3OCOC3=C4)C2=C1","substrate"
"COC1=C(OC)C=C2C(=O)N(CCCNCCO)C3=C(C(=O)C4=C3C=C3OCOC3=C4)C2=C1","substrate"
"CNC1=C(C=CC=C1)C(=O)NC(=O)NC1=CC(C)=C(OC2NCC(Br)CN2)C=C1","substrate"
"CC1=C(OC2NCC(Br)CN2)C=CC(NC(=O)NC(=O)C2=C(N)C=CC=C2)=C1","substrate"
"COC1=CC2=C(C=C1OCCCOC1=C(OC)C=C3C(=C1)N=C[C@@H]1CC(=C)CN1C3=O)N=C[C@@H]1CC(=C)CN1C2=O","substrate"
"COC1=CC2=C(C=C1OCCCOC1=C(OC)C=C3C(=C1)N=C[C@@H]1CCCN1C3=O)N=C[C@@H]1CCCN1C2=O","substrate"
"COC1=CC2=C(C=C1OCCCCCOC1=C(OC)C=C3C(=C1)N=C[C@@H]1CC(=C)CN1C3=O)N=C[C@@H]1CC(=C)CN1C2=O","substrate"
"COC1=CC2=C(C=C1OCCCCCOC1=C(OC)C=C3C(=C1)N=C[C@@H]1CC(CN1C3=O)=C/C)N=C[C@@H]1CC(CN1C2=O)=C/C","substrate"
"CC(C=CC=C(/C)C=CC1=C(C)CCCC1(C)C)=C/C=C/C=C(C)/C=C/C=C(C)/C=C/C1=C(C)CCCC1(C)C","non-substrate"
"COC1=CC(C)=C2C(=O)C3=C(O)C4=C(C(O)=C3OC2=C1)C(=O)C(OC)=CC4=O","substrate"
"CC1NC(=O)NC(=O)C1C=CC(=O)NC(CO)CS(=O)CS(C)=O","substrate"
"CNC(=O)C(CCN1CCC(O)(CC1)C1=CC=C(Cl)C=C1)(C1=CC=CC=C1)C1=CC=CC=C1","substrate"
"CCCCC1=NC2(CCCC2)C(=O)N1CC1=CC=C(C=C1)C1=CC=CC=C1C1=NN=NN1","non-substrate"
"CCOC1=NC2=CC=CC(C(O)=O)=C2N1CC1=CC=C(C=C1)C1=CC=CC=C1C1=NN=NN1","non-substrate"
"CCCCC1=NC=C(C=C(/CC2=CC=CS2)C(O)=O)N1CC1=CC=C(C=C1)C(O)=O","non-substrate"
"CCCCC1=NC(Cl)=C(CO)N1CC1=CC=C(C=C1)C1=C(C=CC=C1)C1=NN=NN1","non-substrate"
"CC(=O)O[C@H]1[C@@H]2OC(=O)O[C@@]22[C@@H](OC(=O)C3=CC=CC=C3)[C@@H]3[C@@]4(CO[C@@H]4C[C@H](OC(=O)C=CC4=CC=C(C=C4)C(=O)OC4=CC=CC=C4)[C@@]3(C)C(=O)[C@H](OC(C)=O)C(=C1C)C2(C)C)OC(C)=O","substrate"
"CC[C@@]1(O)C(=O)OCC2=C1C=C1N(CC3=C1N=C1C=CC=C(C1=C3)[N+]([O-])=O)C2=O","substrate"
"NC1=NC(=O)N(C[C@@H](CO)OCP(O)(O)=O)C=C1","substrate"
"OC(=O)CN(CC(O)=O)CC1=CC2=C(OC3=CC(O)=C(CN(CC(O)=O)CC(O)=O)C=C3C22OC(=O)C3=CC=CC=C23)C=C1O","substrate"
"CC1(C)O[C@@H]2C[C@H]3[C@@H]4CCC5=CC(=O)C=C[C@]5(C)[C@@]4(F)[C@@H](O)C[C@]3(C)[C@@]2(O1)C(=O)CO","substrate"
"C[C@]12CC[C@H]3[C@@H](CC=C4C[C@@H](O)CC[C@]34C)[C@@H]1CCC2=O","substrate"
"N[C@@H](CC1=CC=C(O)C(O)=C1)C(O)=O","substrate"
"CC(C)NCC(O)C1=CC=C(NS(C)(=O)=O)C=C1","substrate"
"CCCCC(=O)N(CC1=CC=C(C=C1)C1=C(C=CC=C1)C1=NN=NN1)[C@@H](C(C)C)C(O)=O","substrate"
"CC1=C(C(=O)N[C@H]2[C@H]3SC(C)(C)[C@@H](N3C2=O)C(O)=O)C(=NO1)C1=C(Cl)C=CC=C1F","substrate"
"CN1N=NN=C1SCC1=C(N2[C@H](SC1)[C@H](NC(=O)[C@H](O)C1=CC=CC=C1)C2=O)C(O)=O","substrate"
"NC1=CC(C(O)=O)=C(O)C=C1","substrate"
"CC(C)(C)NC[C@H](O)COC1=NSN=C1N1CCOCC1","substrate"
"CCC(=O)O[C@@]1([C@H](C)C[C@H]2[C@@H]3C[C@H](F)C4=CC(=O)C=C[C@]4(C)[C@@]3(F)[C@@H](O)C[C@]12C)C(=O)SCF","substrate"
"COC1=C2OC3=CC=C(C[C@@H]4N(C)CCC5=CC(OC)=C(OC6=C7[C@H](CC(C=C1)=C2)N(C)CCC7=CC(OC)=C6OC)C=C45)C=C3","substrate"
"CC(=O)OCOC(=O)CN(CC(=O)OCOC(C)=O)CC1=C(OC(C)=O)C=C2OC3=CC(OC(C)=O)=C(CN(CC(=O)OCOC(C)=O)CC(=O)OCOC(C)=O)C=C3C3(OC(=O)C4=CC=CC=C34)C2=C1","substrate"
"CC(C)C1=C(C(=O)NC2=CC=CC=C2)C(=C(N1CC[C@@H]1C[C@@H](O)CC(=O)O1)C1=CC=C(F)C=C1)C1=CC=CC=C1","substrate"
"C1C=CNC=C1","substrate"
"CC(C)=CCC1=C(O)C=C2OC(=CC(=O)C2=C1O)C1=CC=CC=C1","substrate"
"OCCNCCNC1=CC=C2N(CCNCCO)N=C3C2=C1C(=O)C1=CC=CC=C31","substrate"
"CCCCCCCCCCCCCCCC(=O)O[C@H](COC(=O)CCCCCNC1=CC=C(C2=NON=C12)[N+]([O-])=O)COP(O)(=O)OC[C@H](N)C(O)=O","substrate"
"OC(=O)C1=C(C=C2/CCN(C2=O)C2=CC=CC=C2)C2=C(Cl)C=C(Cl)C=C2N1","substrate"
"[I-].CCCCCCCCCCCCCCCC[N+]1=C(C)N(CC2=CC=CC=C2)C=C1","substrate"
"COC1=C2C=CC=CC2=C(C=C1)C(=O)OC1=CC=C(C=CC(=O)O[C@H]2C[C@H]3OC[C@@]3(OC(C)=O)[C@H]3[C@H](OC(=O)C4=CC=CC=C4)[C@]4(O)C[C@H](OC(C)=O)C(C)=C([C@@H](OC(C)=O)C(=O)[C@]23C)C4(C)C)C=C1","substrate"
"CCN(CC)C1=CC=C(C=C1)C(=O)C1=CC=C(C=CC(=O)O[C@H]2C[C@H]3OC[C@@]3(OC(=O)C)[C@H]3[C@H](OC(=O)C4=CC=CC=C4)[C@]4(O)C[C@H](OC(=O)C)C(C)=C([C@@H](OC(=O)C)C(=O)[C@]23C)C4(C)C)C=C1","substrate"
"CCOC1=CC=C(C=C1)C(=O)C1=CC=C(C=CC(=O)O[C@H]2C[C@H]3OC[C@@]3(OC(=O)C)[C@H]3[C@H](OC(=O)C4=CC=CC=C4)[C@]4(O)C[C@H](OC(=O)C)C(C)=C([C@@H](OC(=O)C)C(=O)[C@]23C)C4(C)C)C=C1","substrate"
"O=C(C)O[C@H]1C[C@@]2(O)[C@@H](OC(=O)C3=CC=CC=C3)[C@@H]3[C@@]4(CO[C@@H]4C[C@H](OC(=O)C=CC4=CC=C5C=CC=CC5=C4)[C@@]3(C)C(=O)[C@H](OC(=O)C)C(=C1C)C2(C)C)OC(=O)C","substrate"
"O=C(C)O[C@@H]1C(C)=C2[C@@H](OC(=O)C)C(=O)[C@]3(C)[C@H](C[C@H]4OC[C@@]4(OC(=O)C)[C@H]3[C@H](OC(=O)C3=CC=CC=C3)[C@@]3(OC(=O)O[C@@H]13)C2(C)C)OC(=O)C=CC1=CC=C(C=C1)C(=O)C1=CC=CC=C1","substrate"
"O=C(C)O[C@H]1C[C@@]2(O)[C@@H](OC(=O)C3=CC=CC=C3)[C@H]3[C@@](C)([C@H](C[C@H]4OC[C@@]34OC(=O)C)OC(=O)C=CC3=CC=C(C=C3)C(=O)C3=CC=C(F)C=C3)C(=O)[C@H](OC(=O)C)C(=C1C)C2(C)C","substrate"
"CC(=O)O[C@H]1C[C@@]2(O)[C@@H](OC(=O)C3=CC=CC=C3)[C@@H]3[C@@]4(CO[C@@H]4C[C@H](OC(=O)C=CC4=CC5=C(C=C4)C(=O)C4=CC=CC=C54)[C@@]3(C)C(=O)[C@H](OC(C)=O)C(=C1C)C2(C)C)OC(C)=O","substrate"
"CN(C)C1=CC=C(C=C1)C(=O)C1=CC=C(C=CC(=O)O[C@H]2C[C@H]3OC[C@@]3(OC(=O)C)[C@H]3[C@H](OC(=O)C4=CC=CC=C4)[C@]4(O)C[C@H](OC(=O)C)C(C)=C([C@@H](OC(=O)C)C(=O)[C@]23C)C4(C)C)C=C1","substrate"
"COC1=CC=C(C=C1)C(=O)C1=CC=C(C=CC(=O)O[C@H]2C[C@H]3OC[C@@]3(OC(=O)C)[C@H]3[C@H](OC(=O)C4=CC=CC=C4)[C@]4(O)C[C@H](OC(=O)C)C(C)=C([C@@H](OC(=O)C)C(=O)[C@]23C)C4(C)C)C=C1","substrate"
"CC(C)C1=CC=C(C=C1)C(=O)C1=CC=C(C=CC(=O)O[C@H]2C[C@H]3OC[C@@]3(OC(=O)C)[C@H]3[C@H](OC(=O)C4=CC=CC=C4)[C@]4(O)C[C@H](OC(=O)C)C(C)=C([C@@H](OC(=O)C)C(=O)[C@]23C)C4(C)C)C=C1","substrate"
"O=C(C)O[C@H]1C[C@@]2(O)[C@@H](OC(=O)C3=CC=CC=C3)[C@@H]3[C@@]4(CO[C@@H]4C[C@H](OC(=O)C=CC4=CC=C(C=C4)C(=O)C4=CC=C(C)C=C4)[C@@]3(C)C(=O)[C@H](OC(=O)C)C(=C1C)C2(C)C)OC(=O)C","substrate"
"O=C(C)O[C@H]1C[C@@]2(O)[C@@H](OC(=O)C3=CC=CC=C3)[C@@H]3[C@@]4(CO[C@@H]4C[C@H](OC(=O)C=CC4=CC=C(C=C4)OC4=CC=CC=C4)[C@@]3(C)C(=O)[C@H](OC(=O)C)C(=C1C)C2(C)C)OC(=O)C","substrate"
"O=C(C)O[C@@H]1C(C)=C2[C@@H](OC(=O)C)C(=O)[C@]3(C)[C@H](C[C@H]4OC[C@@]4(OC(=O)C)[C@H]3[C@H](OC(=O)C3=CC=CC=C3)[C@@]3(OC(=O)O[C@@H]13)C2(C)C)OC(=O)C=CC1=CC=C(C=C1)OC1=CC=CC=C1","substrate"
"O=C(C)O[C@@H]1C(C)=C2[C@@H](OC(=O)C)C(=O)[C@]3(C)[C@H](C[C@H]4OC[C@@]4(OC(=O)C)[C@H]3[C@H](OC(=O)C3=CC=CC=C3)[C@@]3(OC(=O)O[C@@H]13)C2(C)C)OC(=O)C=CC1=CC(=CC=C1)NC(=O)C1=CC=CC=C1","substrate"
"O=C(C)O[C@H]1C[C@@]2(O)[C@@H](OC(=O)C3=CC=CC=C3)[C@H]3[C@@](C)([C@H](C[C@H]4OC[C@@]34OC(=O)C)OC(=O)C=CC3=CC(=CC=C3)NC(=O)C3=CC=CC=C3)C(=O)[C@H](OC(=O)C)C(=C1C)C2(C)C","substrate"
"CC(=O)O[C@H]1C[C@@]2(O)[C@@H](OC(=O)C3=CC=CC=C3)[C@@H]3[C@@]4(CO[C@@H]4C[C@H](OC(=O)C4=CC=C(C=C4)C(=O)C4=CC=CC=C4)[C@@]3(C)C(=O)[C@H](OC(C)=O)C(=C1C)C2(C)C)OC(C)=O","substrate"
"CC(=O)O[C@H]1[C@@H]2OC(=O)O[C@@]22[C@@H](OC(=O)C3=CC=CC=C3)[C@@H]3[C@@]4(CO[C@@H]4C[C@H](OC(=O)C4=CC=C(C=C4)C(=O)C4=CC=CC=C4)[C@@]3(C)C(=O)[C@H](OC(C)=O)C(=C1C)C2(C)C)OC(C)=O","substrate"
"O=C(C)O[C@H]1C[C@@]2(O)[C@@H](OC(=O)C3=CC=CC=C3)[C@H]3[C@@](C)([C@H](C[C@H]4OC[C@@]34OC(=O)C)OC(=O)C=CC3=CC=C(C=C3)C(=O)OC3=CC=CC=C3)C(=O)[C@H](OC(=O)C)C(=C1C)C2(C)C","substrate"
"NC(=O)NC1=CC=CC=C1C(=O)C1=CC=CC=C1","substrate"
"CCCC(=O)O[C@H](COC(=O)CC)COP(O)(=O)OC[C@H](N)C(=O)NC1=CC=C(C2=NON=C12)[N+]([O-])=O","substrate"
"CC(=O)S[C@@H]1CC2=CC(=O)CC[C@]2(C)[C@H]2CC[C@@]3(C)[C@@H](CC[C@@]33CCC(=O)O3)[C@H]12","non-substrate"
"CNCCCC12CCC(C3=CC=CC=C13)C1=C2C=CC=C1","non-substrate"
"O[C@H]1[C@H](C[C@@H]([C@H](O)[C@@H]1O)C(O)=O)OC1=CC=C2C=CC(=O)OC2=C1","substrate"
"O[C@@H]1[C@@H](O)[C@H](OC2=CC3=C(C=C2)C(C(S3)C2=CC=C(O)C=C2)C(=O)C2=CC=C(OCCN3CCCCC3)C=C2)O[C@@H]([C@H]1O)C(O)=O","substrate"
"O[C@@H]1[C@@H](O)[C@H](OC2=CC=C(C=C2)C2SC3=C(C=CC(O)=C3)C2C(=O)C2=CC=C(OCCN3CCCCC3)C=C2)O[C@@H]([C@H]1O)C(O)=O","substrate"
"O[C@@H]1[C@@H](O)[C@H](OC2=CC=C(C=C2)C2SC3=C(C=CC(O[C@@H]4O[C@@H]([C@@H](O)[C@H](O)[C@H]4O)C(O)=O)=C3)C2C(=O)C2=CC=C(OCCN3CCCCC3)C=C2)O[C@@H]([C@H]1O)C(O)=O","substrate"
"CC(C)COCC(CN(CC1=CC=CC=C1)C1=CC=CC=C1)N1CCCC1","non-substrate"
"CC(C)(C(O)=O)C1=CC=C(C=C1)C(O)CCCN1CCC(CC1)C(O)(C1=CC=CC=C1)C1=CC=CC=C1","substrate"
"CC(C)CN(C[C@@H](O)[C@H](CC1=CC=CC=C1)NC(=O)O[C@H]1CO[C@H]2OCC[C@@H]12)S(=O)(=O)C1=CC=C(N)C=C1","substrate"
"COC1=CC(=CC=C1O)[C@@H]1OC2=CC(=CC=C2O[C@H]1CO)[C@H]1OC2=C(C(O)=CC(O)=C2)C(=O)[C@@H]1O.COC1=C(O)C=CC(=C1)[C@H]1OC2=CC(=CC=C2O[C@@H]1CO)[C@H]1OC2=CC(O)=CC(O)=C2C(=O)[C@@H]1O","non-substrate"
"OC1=CC=C(C=C1)C1=COC2=CC(O)=CC=C2C1=O","non-substrate"
"Cl.COC(=O)c1ccccc1C2=C3C=CC(=N)C=C3Oc4cc(N)ccc24","substrate"
"C[C@]12CC[C@H]3[C@@H](CCC4=C3C=CC(O)=C4)[C@@H]1CC[C@@H]2O[C@@H]1O[C@@H]([C@@H](O)[C@H](O)[C@H]1O)C(O)=O","substrate"
"COC1=CC=C2NC=C(CCNC(=O)C3=CC(=O)C4=C(OCC5=CC=C(Br)C=C5)C=CC=C4O3)C2=C1","non-substrate"
"CC[C@@]1(O)C(=O)OCC2=C1C=C3N(Cc4c(CN5CCN(C)CC5)c6cc7OCCOc7cc6nc34)C2=O","substrate"
"CC1=CN([C@H]2C[C@H](N=[N+]=[N-])[C@@H](CO)O2)C(=O)NC1=O","substrate"
"OC1=C(Oc2cc(O)ccc2C1=O)c3ccc(O)c(O)c3","non-substrate"
"CCc1c2CN3C(=O)C4=C(C=C3c2nc5cc(F)c(O)cc15)[C@@](O)(CC)C(=O)OC4","substrate"
"CCOc1ccc(cc1)c2nc3cc(ccc3[nH]2)c4nc5cc(ccc5[nH]4)N6CCN(C)CC6","substrate"
"COC1=CC(NC(=O)C2=CN=C3C=CC=CC3=C2)=C(C=C1OC)C(=O)NC1=CC=C(CCN2CCC3=CC(OC)=C(OC)C=C3C2)C=C1","non-substrate"
"Oc1cc(O)c2C(=O)C=C(Oc2c1)c3ccccc3","non-substrate"
"CN1CC[C@@H]([C@H](O)C1)C1=C2OC(=CC(=O)C2=C(O)C=C1O)C1=CC=CC=C1Cl","substrate"
"Cl.CC\C(=C(/C1=CC=C(O)C=C1)C1=CC=C(OCCN(C)C)C=C1)C1=CC=C(C=C1)C(C)C","non-substrate"
"CC\C(=C(\c1ccc(OCCN(C)C)cc1)/c2ccc(OCc3ccccc3)cc2)\c4ccccc4","non-substrate"
"C[C@]12CC[C@H]3[C@@H](CCc4cc(O)ccc34)[C@@H]1CCC2=O","non-substrate"
"[H][C@]12COC(=O)[C@]1([H])[C@H](C1=CC(OC)=C(O)C(OC)=C1)C1=CC3=C(OCO3)C=C1[C@H]2O[C@@H]1O[C@]2([H])CO[C@@H](C)O[C@@]2([H])[C@H](O)[C@H]1O","substrate"
"Oc1ccc(cc1)[C@@H]2CC(=O)c3c(O)cc(O)cc3O2","non-substrate"
"CC[C@@H]1NC(=O)[C@H]([C@H](O)[C@H](C)CC=CC)N(C)C(=O)[C@H](C(C)C)N(C)C(=O)[C@H](CC(C)C)N(C)C(=O)[C@H](CC(C)C)N(C)C(=O)[C@@H](C)NC(=O)[C@H](C)NC(=O)[C@H](CC(C)C)N(C)C(=O)[C@H](C(C)C)NC(=O)[C@H](CC(C)C)N(C)C(=O)CN(C)C1=O","non-substrate"
"CO[C@@H]1[C@@H](OC(=O)N)[C@@H](O)[C@H](Oc2ccc3C(=C(NC(=O)c4ccc(O)c(CC=C(C)C)c4)C(=O)Oc3c2C)O)OC1(C)C","non-substrate"
"CC[C@@]1(O)C(=O)OCC2=C1C=C3N(Cc4cc5c(CN(C)C)c(O)ccc5nc34)C2=O","substrate"
"COc1ccc(cc1O)[C@@H]2CC(=O)c3c(O)cc(O)cc3O2","non-substrate"
"OC1=C(Oc2cc(O)cc(O)c2C1=O)c3ccc(O)cc3","non-substrate"
"COc1ccc(cc1)C2=CC(=O)c3c(O)cc(O)cc3O2","non-substrate"
"OCCNCCNc1ccc(NCCNCCO)c2C(=O)c3c(O)ccc(O)c3C(=O)c12","substrate"
"COC(=C/C1=CC=C(O)C=C1)C(=O)NC=CC1=CC=C(OC)C=C1","non-substrate"
"COc1cccc2C(=O)c3c(O)c4C[C@](O)(C[C@H](O[C@H]5C[C@H](N)[C@H](O)[C@H](C)O5)c4c(O)c3C(=O)c12)C(=O)C","substrate"
"CCc1c2CN3C(=O)C4=C(C=C3c2nc5ccc(Cl)cc15)[C@@](O)(CC)C(=O)OC4","substrate"
"COC1=CC=C2C(NC(CC=C(C)C)=C2C[C@@H]2NC(=O)[C@@H]3CCCN3C2=O)=C1","non-substrate"
"Oc1ccc(CCC(=O)c2c(O)cc(O)cc2O)cc1","non-substrate"
"[H][C@@]12CCCN1C(=O)[C@H](NC(=O)[C@@H](NC(=O)C1=C3N=C4C(OC3=C(C)C=C1)=C(C)C(=O)C(N)=C4C(=O)N[C@H]1[C@@H](C)OC(=O)[C@H](C(C)C)N(C)C(=O)CN(C)C(=O)[C@]3([H])CCCN3C(=O)[C@H](NC1=O)C(C)C)[C@@H](C)OC(=O)[C@H](C(C)C)N(C)C(=O)CN(C)C2=O)C(C)C","substrate"
"CCC(=O)Oc1ccc(cc1)\C(=C(/CC)\c2ccc(OC(=O)CC)cc2)\CC","non-substrate"
"CCc1c2CN3C(=O)C4=C(C=C3c2nc5ccc(OC(=O)N6CCC(CC6)N7CCCCC7)cc15)[C@@](O)(CC)C(=O)OC4","substrate"
"OCC(CO)NN1C(=O)C2=C(C1=O)C1=C(N(C3O[C@H](CO)[C@@H](O)[C@H](O)[C@H]3O)C3=CC(O)=CC=C13)C1=C2C2=CC=C(O)C=C2N1","substrate"
"CC\C(=C(\CC)/c1ccc(O)cc1)\c2ccc(O)cc2","non-substrate"
"CC1=CC(=O)Oc2cc(OS(=O)(=O)O)ccc12","substrate"
"CN(Cc1cnc2nc(N)nc(N)c2n1)c3ccc(cc3)C(=O)N[C@@H](CCC(=O)N[C@@H](CCC(=O)N[C@@H](CCC(=O)N[C@@H](CCC(=O)O)C(=O)O)C(=O)O)C(=O)O)C(=O)O","substrate"
"Oc1ccc(cc1)C2=CC(=O)c3c(O)cc(O)cc3O2","non-substrate"
"CC(C)(C)NC(=O)[C@@H]1C[C@@H]2CCCC[C@@H]2CN1C[C@@H](O)[C@H](CC1=CC=CC=C1)NC(=O)[C@H](CC(N)=O)NC(=O)C1=CC=C2C=CC=CC2=N1","non-substrate"
"CO\C(=C\C1=CC=C(O)C=C1)C(=O)N\C=C\C1=CC(Br)=C(OC)C(Br)=C1","non-substrate"
"C[C@]12CC[C@H]3[C@@H](CCc4cc(OS(=O)(=O)O)ccc34)[C@@H]1CCC2=O","substrate"
"C[C@H](CCC(=O)NCCS(=O)(=O)O)[C@H]1CC[C@H]2[C@@H]3CC[C@@H]4C[C@H](O)CC[C@]4(C)[C@H]3CC[C@]12C","non-substrate"
"CC[C@@]1(O)C(=O)OCC2=C1C=C3N(Cc4cc5c(N)cccc5nc34)C2=O","substrate"
"[Br-].CC[n+]1c(c2ccccc2)c3cc(N)ccc3c4ccc(N)cc14","substrate"
"[H][C@@]12CCCC[C@]1([H])CN(C[C@@H](O)[C@H](CSC1=CC=CC=C1)NC(=O)C1=C(C)C(O)=CC=C1)[C@@H](C2)C(=O)NC(C)(C)C","non-substrate"
"COC1=CC=C(CCNC(=O)C2=CC(=O)C3=C(O)C=CC=C3O2)C=C1OC","non-substrate"
"COCC1=C(C2=CC=C(F)C=C2)C(\C=C\[C@@H](O)C[C@@H](O)CC(O)=O)=C(C(C)C)N=C1C(C)C","substrate"
"CC(C)[C@H](NC(=O)N(C)CC1=CSC(=N1)C(C)C)C(=O)N[C@H](C[C@H](O)[C@H](CC1=CC=CC=C1)NC(=O)OCC1=CN=CS1)CC1=CC=CC=C1","non-substrate"
"CCCCCCCCCCCCCCCC(=O)OCC(COP(=O)([O-])OCC[N+](C)(C)C)OC(=O)CCCCCNc1ccc(c2nonc12)[N+](=O)[O-]","substrate"
"CC\C(=C(/c1ccc(O)cc1)\c2ccc(OCCN(C)C)cc2)\c3ccc(OC)cc3","non-substrate"
"CN(Cc1cnc2nc(N)nc(N)c2n1)c3ccc(cc3)C(=O)N[C@@H](CCC(=O)O)C(=O)O","substrate"
"COC1=CC2=C(CN(CCC=C3/CCCC4=C(OC)C=CC=C34)CC2)C=C1OC","non-substrate"
"OC[C@H]1O[C@@H](Oc2cc(O)c3C(=O)C[C@H](Oc3c2)c4ccc(O)cc4)[C@H](O)[C@@H](O)[C@@H]1O","non-substrate"
"CC\C(=C(\c1ccc(OCCN(C)C)cc1)/c2ccc(OCc3ccc(cc3)[N+](=O)[O-])cc2)\c4ccccc4","non-substrate"
"CCC1=C2CN3C(=CC4=C(COC(=O)[C@]4(O)CC)C3=O)C2=NC2=CC(O)=CC=C12","substrate"
"Oc1cc(O)c2C(=O)C=C(Oc2c1)c3ccc(O)c(O)c3","non-substrate"
"COC1=CC=C(C=C1)C1=C(O)C(=O)C2=C(O)C=C(O)C=C2O1","non-substrate"
"NC1=NC(=O)N(C=C1)[C@@H]2CS[C@H](CO)O2","substrate"
"COC(=C/C1=CC=C(O)C=C1)C(=O)NC=CC1=CC(Br)=C(O)C(Br)=C1","non-substrate"
"O=C(NC1=C(C=CC=C1)C(=O)NC1=CC=C(CCN2CCC3=CC=CC=C3C2)C=C1)C1=CN=C2C=CC=CC2=C1","non-substrate"
"COc1ccc(cc1)C2=COc3cc(O)cc(O)c3C2=O","non-substrate"
"[H][C@@]12CC[C@H](O)[C@@]1(C)CC[C@@]1([H])[C@@]2([H])CCC2=CC(=O)CC[C@]12C","substrate"
"CCC1=C2CN3C(=CC4=C(COC(=O)[C@]4(O)CC)C3=O)C2=NC2=CC=C(N)C=C12","substrate"
"CC#CC(=O)NC1=CC=C2N=CN=C(NC3=CC(Br)=CC=C3)C2=C1","non-substrate"
"NC1=NC(=O)C2=NC(CNC3=CC=C(C=C3)C(=O)N[C@@H](CCC(O)=O)C(O)=O)=CN=C2N1","substrate"
"CCc1c2CN3C(=O)C4=C(C=C3c2nc5cc(Br)ccc15)[C@@](O)(CC)C(=O)OC4","substrate"
"COC(=CC1=CC=C(O)C=C1)C(=O)NC=CC1=CC=C(OC)C(Br)=C1","non-substrate"
"CNc1nc2c(Cc3cccnc3)c(C)c(OS(=O)(=O)O)c(C)c2s1","substrate"
"COc1ccc(cc1O)C2=CC(=O)c3c(O)cc(O)cc3O2","non-substrate"
"CCc1c2CN3C(=O)C4=C(C=C3c2nc5cc(F)c(OC)cc15)[C@@](O)(CC)C(=O)OC4","substrate"
"NC1=C2N=CN([C@H]3C[C@H](O)[C@@H](CO)O3)C2=NC(Cl)=N1","substrate"
"COC1=CC=C(C=C1)C(CN(C)C)C1(O)CCCCC1","non-substrate"
"COC1=CC=C2N=C(NC2=C1)S(=O)CC1=NC=C(C)C(OC)=C1C","non-substrate"
"[H][C@]12COC(=O)[C@]1([H])[C@]([H])(C1=CC(OC)=C(O)C(OC)=C1)C1=CC3=C(OCO3)C=C1[C@@]2([H])O[C@]1([H])O[C@]2([H])CO[C@]([H])(O[C@@]2([H])[C@]([H])(O)[C@@]1([H])O)C1=CC=CS1","substrate"
"CC1=C(OCC(F)(F)F)C=CN=C1CS(=O)C1=NC2=CC=CC=C2N1","non-substrate"
"[H][C@@]12C=C(C)CC[C@@]1([H])C(C)(C)OC1=C2C(O)=CC(CCCCC)=C1","non-substrate"
"FC1=CNC(=O)NC1=O","substrate"
"COC1=C(CC2=CN(C)C3=CC=C(NC(=O)OC4CCCC4)C=C23)C=CC(=C1)C(=O)NS(=O)(=O)C1=C(C)C=CC=C1","non-substrate"
"CO[C@H]1C[C@@H](O[C@@H](C)[C@@H]1O)O[C@H]1[C@H](C)O[C@H](C[C@@H]1OC)O[C@H]1[C@@H](C)C=CC=C2/CO[C@@H]3[C@H](O)C(C)=C[C@@H](C(=O)O[C@H]4C[C@@H](CC=C1/C)O[C@@]1(CC[C@H](C)[C@@H](C(C)C)O1)C4)[C@]23O.CC[C@H](C)[C@H]1O[C@@]2(CC[C@@H]1C)O[C@@H]1CC=C(C)[C@@H](O[C@@H]3O[C@@H](C)[C@H](O[C@@H]4O[C@@H](C)[C@H](O)[C@@H](OC)C4)[C@@H](OC)C3)[C@@H](C)C=CC=C3/CO[C@@H]4[C@H](O)C(C)=C[C@@H](C(=O)O[C@@H](C1)C2)[C@]34O","non-substrate"
"NC1=C2N=CN([C@@H]3O[C@H](CO)[C@@H](O)[C@@H]3F)C2=NC(Cl)=N1","substrate"
"[O-][N+](=O)C1=CC=C(O1)C=N/N1CC(=O)NC1=O","substrate"
"NC1=NC2=CC=C(OC(F)(F)F)C=C2S1","substrate"
"CO[C@]12CC[C@@]3(C[C@@H]1[C@](C)(O)C(C)(C)C)[C@H]1CC4=C5C(O[C@@H]2[C@@]35CCN1CC1CC1)=C(O)C=C4","non-substrate"
"CCCC1=NC2=C(C=C(C=C2C)C2=NC3=CC=CC=C3N2C)N1CC1=CC=C(C=C1)C1=CC=CC=C1C(O)=O","non-substrate"
"COCCCOC1=C(C)C(CS(=O)C2=NC3=CC=CC=C3N2)=NC=C1","non-substrate"
"[H][C@@]12C[C@@H](C)[C@](O)(C(=O)CO)[C@@]1(C)C[C@H](O)[C@@]1(F)[C@@]2([H])CCC2=CC(=O)C=C[C@]12C","non-substrate"
"[H][C@@]12C[C@H](O)[C@@]3(C)C(=O)[C@H](O)C4=C(C)[C@H](C[C@@](O)([C@@H](OC(=O)C5=CC=CC=C5)[C@]3([H])[C@@]1(CO2)OC(C)=O)C4(C)C)OC(=O)[C@H](O)[C@@H](NC(=O)OC(C)(C)C)C1=CC=CC=C1","substrate"
"[H][C@]1(CO)O[C@@]([H])(OC2=CC=C3C(=O)C(=COC3=C2)C2=CC=C(O)C=C2)[C@]([H])(O)[C@@]([H])(O)[C@]1([H])O","non-substrate"
"CS(=O)(=O)C1=CC(Cl)=C(C=C1)C(=O)NC1=CC=C(Cl)C(=C1)C1=CC=CC=N1","non-substrate"
"CCCCCCCCCCC(=O)O[C@H]1CC[C@H]2[C@@H]3CCC4=CC(=O)CC[C@]4(C)[C@H]3CC[C@]12C","substrate"
"[H][C@@]12CC[C@H](OC(=O)CCCCCC)[C@@]1(C)CC[C@@]1([H])[C@@]2([H])CCC2=CC(=O)CC[C@]12C","substrate"
"[Cl-].COC(=O)C1=CC=CC=C1C1=C2C=CC(N)=CC2=[O+]C2=CC(N)=CC=C12","substrate"
"COC1=CC2=C(CN(CCC3=CC=C(NC(=O)C4=C(N)C=CC=C4)C=C3)CC2)C=C1OC","non-substrate"
"NC1=NC(=O)C2=C(NCC(CNC3=CC=C(C=C3)C(=O)N[C@@H](CCC(O)=O)C(O)=O)N2C=O)N1","substrate"
"NC1=C2N=CN([C@H]3C[C@H](O)[C@@H](COP(O)(O)=O)O3)C2=NC(Cl)=N1","substrate"
"COC1=CC=C2C(NC3=C(C)N=CC=C23)=C1","non-substrate"
"CC[C@H]1OC(=O)[C@H](C)[C@@H](O[C@H]2C[C@@](C)(OC)[C@@H](O)[C@H](C)O2)[C@H](C)[C@@H](O[C@@H]2O[C@H](C)C[C@@H]([C@H]2O)N(C)C)[C@](C)(O)C[C@@H](C)C(=O)[C@H](C)[C@@H](O)[C@]1(C)O","substrate"
"CC1COC2=C3N1C=C(C(O)=O)C(=O)C3=CC(F)=C2N1CCN(C)CC1","substrate"
"C[C@H](CCC(O)=O)[C@H]1CC[C@H]2[C@@H]3[C@H](O)C[C@@H]4C[C@H](O)CC[C@]4(C)[C@H]3C[C@H](O)[C@]12C","substrate"
"CC(C)C[C@H](NC(=O)OC(C)(C)C)[C@@H](O)C(=O)O[C@H]1[C@@H]2OC(=O)O[C@@]22[C@@H](OC(=O)C3=CC=CC=C3)[C@@H]3[C@@]4(CO[C@@H]4C[C@H](O)[C@@]3(C)C(=O)[C@H](OC(C)=O)C(=C1C)C2(C)C)OC(C)=O","non-substrate"
"CCC1=C(C)C2=CC3=C(C=C)C(C)=C(N3)C=C3/N=C([C@@H](CCC(O)=O)[C@@H]3C)C3=C4NC(=C/C1=N2)C(C)=C4C(=O)[C@@H]3C(=O)OC","substrate"
"CCC1=C(C)C2=CC3=C(C=C)C(C)=C(N3)C=C3/N=C([C@@H](CCC(O)=O)[C@@H]3C)/C(/CC(O)=O)=C3NC(=C/C1=N2)C(C)=C3C(O)=O","substrate"
"OCC1OC([C@H](O)C(O)[C@@H]1O)N1C2=C(C3=CC=CC(O)=C13)C1=C(C(=O)N(NC=O)C1=O)C1=C2NC2=C(O)C=CC=C12","substrate"
"CN=C(NCCSCC1=C(C)NC=N1)NC#N","substrate"
"CN1C(N)=NC2=NC=C(C=C12)C1=CC=CC=C1","substrate"
"CC1=C(CCC(O)=O)/C2=C/C3=N/C(=CC4=C(C)C(C=C)=C(N4)/C=C4N=C(C=C1/N2)C(C=C)=C4C)/C(C)=C3CCC(O)=O","substrate"
"COC1=CC2=NC(=NC(N)=C2C=C1OC)N1CCN(CC1)C(=O)CCC1=[N+]2C(C=C1)=CC1=C(C)C=C(C)N1[B-]2(F)F","substrate"
"C[C@]12C[C@H](O)[C@H]3[C@@H](CCC4=CC(=O)CC[C@]34C)[C@@H]1CC[C@@H]2C(=O)CO","non-substrate"
"COC(=O)C1=C(C)NC(C)=C(C1C1=CC(=CC=C1)[N+]([O-])=O)C(=O)OCCN(C)CC1=CC=CC=C1","non-substrate"
"COC(=O)C1=C(C)NC(C)=C(C1C1=CC=CC(=C1)[N+]([O-])=O)C(=O)OCCCN1CCC(CC1)(C1=CC=CC=C1)C1=CC=CC=C1","non-substrate"
"CCOC(=O)C1=C(C)NC(C)=C(C1C1=CC(=CC=C1)[N+]([O-])=O)C(=O)OC","non-substrate"
"COC(=O)C1=C(C)NC(C)=C(C1C1=CC=C(OC)C(OC)=C1)C(=O)OCCCN1CCC(CC1)(C1=CC=CC=C1)C1=CC=CC=C1","non-substrate"
"COC(=O)C1=C(C2=CC=C(OC)C=C2)C(C(=O)OCCCN2CCC(CC2)(C2=CC=CC=C2)C2=CC=CC=C2)=C(C)N=C1C","non-substrate"
"O=C1C=C(OC2=CC=CC=C12)C1=CC=CC=C1","non-substrate"
"COC1=CC(O)=C2C(=O)C=C(OC2=C1)C1=CC=CC=C1","non-substrate"
"CC(C)=CCCC(C)=CCC1=C(O)C=C2OC(=C(O)C(=O)C2=C1O)C1=CC=C(O)C=C1","non-substrate"
"OC1=CC(O)=C2C(OC(=C(O)C2=O)C2=CC=CC=C2)=C1","non-substrate"
"COC1=C2C3=C(C(=O)CC3)C(=O)OC2=C2[C@@H]3C=CO[C@@H]3OC2=C1","substrate"
"CN1C(N)=NC2=C1C=CC1=NC=CC=C21","substrate"
"CC1=C2C(NC3=CC=CC=C23)=C(C)C(N)=N1","substrate"
"CC1=NC(=O)C2=C(N1)C=CC1=CC=C(CNC3=CC4=C(C=C3)C(=O)N(C4)[C@@H](CCC(O)=O)C(O)=O)C=C21","substrate"
"CN(CC1=CC=C2NC(C)=NC(=O)C2=C1)C1=CC=C(S1)N(C=O)[C@@H](CCC(O)=O)C(O)=O","substrate"
"COCCOC(=O)C1=C(C)NC(C)=C(C1C1=CC(=CC=C1)[N+]([O-])=O)C(=O)OC(C)C","non-substrate"
"C1CN=C(NN=CC2=C3C=CC=CC3=C(C=NNC3=NCCN3)C3=CC=CC=C23)N1","substrate"
"CO[C@@H]1C[C@@H](CC[C@H]1O)C=C(/C)[C@H]1OC(=O)[C@@H]2CCCCN2C(=O)C(=O)[C@]2(O)O[C@@H]([C@H](C[C@H]2C)OC)[C@H](C[C@@H](C)CC(C)=C[C@@H](CC=C)C(=O)C[C@H](O)[C@H]1C)OC","non-substrate"
"CO[C@@H]1C[C@H](C[C@@H](C)[C@@H]2CC(=O)[C@H](C)C=C(C)[C@@H](O)[C@@H](OC)C(=O)[C@H](C)C[C@H](C)C=CC=CC=C(C)[C@H](C[C@@H]3CC[C@@H](C)[C@@](O)(O3)C(=O)C(=O)N3CCCC[C@H]3C(=O)O2)OC)CC[C@H]1O","non-substrate"
"OC(=O)C1=CN(C2CC2)C2=CC(N3CCNCC3)=C(F)C=C2C1=O","substrate"
"CCN1C=C(C(O)=O)C(=O)C2=CC(F)=C(C=C12)N1CCNCC1","substrate"
"COC1=CC(=CC(OC)=C1OC)C(=O)C(=O)N1CCCC[C@H]1C(=O)OC(CCCC1=CN=CC=C1)CCCC1=CN=CC=C1","non-substrate"
"COC1=CC=C(C=C1OC)C(=O)NC1=C(C=CC=C1)C(=O)NC1=CC=C(CCN2CCC3=CC(OC)=C(OC)C=C3C2)C=C1","non-substrate"
"COC1=CC=C(C=C1OC)C(=O)NC1=CC=CC=C1OCC(=O)NC1=CC=C(CCN2CCC3=C(C2)C=C(OC)C(OC)=C3)C=C1","non-substrate"
"COC1=CC(C=CC(=O)CC(=O)C=CC2=CC=C(O)C=C2)=CC=C1O","non-substrate"
"OC(C=CC1=CC=C(O)C=C1)=C/C(=O)CCC1=CC=C(O)C=C1","non-substrate"
"NC1=NC(NC2=CC=C(C=C2)S(N)(=O)=O)=NN1C(=O)C1=C(F)C=CC=C1F","substrate"
"CC(C)CN(C[C@@H](O)[C@H](CC1=CC=CC=C1)NC(=O)O[C@H]1CCOC1)S(=O)(=O)C1=CC=C(N)C=C1","non-substrate"
"COC(=O)N[C@H](C(=O)N[C@@H](CC1=CC=CC=C1)[C@@H](O)CN(CC1=CC=C(C=C1)C1=CC=CC=N1)NC(=O)[C@@H](NC(=O)OC)C(C)(C)C)C(C)(C)C","non-substrate"
"CC(C)[C@H](N1CCCNC1=O)C(=O)N[C@H](C[C@H](O)[C@H](CC1=CC=CC=C1)NC(=O)COC1=C(C)C=CC=C1C)CC1=CC=CC=C1","non-substrate"
"CCC[C@@]1(CCC2=CC=CC=C2)CC(O)=C([C@H](CC)C2=CC(NS(=O)(=O)C3=NC=C(C=C3)C(F)(F)F)=CC=C2)C(=O)O1","non-substrate"
"OC[C@@H]1CC[C@@H](O1)N1C=NC2=C1NC=NC2=O","non-substrate"
"NC1=NC(=O)N(C=C1F)[C@@H]1CS[C@H](CO)O1","non-substrate"
"CC1=CN([C@@H]2O[C@H](CO)C=C2)C(=O)NC1=O","non-substrate"
"C[C@H](CN1C=NC2=C(N)N=CN=C12)OCP(O)(O)=O","non-substrate"
"NC1=NC(=O)N(C=C1)[C@H]1CC[C@@H](CO)O1","non-substrate"
"CC[C@@]1(O)C(=O)OCC2=C1C=C1N(CC3=C1N=C1C=CC=CC1=C3CC[Si](C)(C)C)C2=O","substrate"
"CN[C@@H]1C[C@H]2O[C@@](C)([C@@H]1OC)N1C3=CC=CC=C3C3=C1C1=C(C4=CC=CC=C4N21)C1=C3[C@@H](O)NC1=O","substrate"
"C[C@H]1CCC[C@@H](O)CCCC=CC2=CC(O)=CC(O)=C2C(=O)O1","non-substrate"
"CCCCCCOC(C)C1=C2NC(C=C3/N=C([C@@H](CCC(O)=O)[C@@H]3C)C3=C4NC(=C/C5=N/C(=C2)/C(C)=C5CC)C(C)=C4C(=O)C3)=C1C","substrate"
"CCN(CC)CCNC1=CC=C2N=CN3C2=C1C(=O)C1=CC(O)=CC=C31","substrate"
"CC(=O)N1CCN(CC1)C1=CC=C(OC[C@H]2CO[C@@](CN3C=CN=C3)(O2)C2=C(Cl)C=C(Cl)C=C2)C=C1","non-substrate"
"CN(C)CCCN1C=C(C2=CC=CC=C12)C1=C(C(=O)NC1=O)C1=CNC2=CC=CC=C12","non-substrate"
"CN1CCCC1CCN1C=C(C2=CC=CC=C12)C1=C(C(=O)NC1=O)C1=CNC2=CC=CC=C12","non-substrate"
"NCCCN1C=C(C2=CC=CC=C12)C1=C(C(=O)NC1=O)C1=CNC2=CC=CC=C12","non-substrate"
"O=C1NC(=O)C(C2=CNC3=CC=CC=C23)=C1C1=CNC2=CC=CC=C12","non-substrate"
"CN1C(=O)C(C2=CNC3=CC=CC=C23)=C(C1=O)C1=CNC2=CC=CC=C12","non-substrate"
"O=C1NC(=O)C(C2=CN(CCC3CCCCN3)C3=CC=CC=C23)=C1C1=CNC2=CC=CC=C12","non-substrate"
"O=C1NC(=O)C(C2=CN(CCCN3CCNCC3)C3=CC=CC=C23)=C1C1=CNC2=CC=CC=C12","non-substrate"
"CN1C=C(C2=CC=CC=C12)C1=C(C(=O)NC1=O)C1=CN(CCCSC(N)=N)C2=CC=CC=C12","non-substrate"
"CN1C=C(C2=CC=CC=C12)C1=C(C(=O)NC1=O)C1=C2CC(CN)CCN2C2=CC=CC=C12","non-substrate"
"CN(C)CC1CCN2C(C1)=C(C1=CC=CC=C21)C1=C(C(=O)NC1=O)C1=CN(C)C2=CC=CC=C12","non-substrate"
"CN1C2=CC=CC=C2C2=C1C1=C(C3=C2C(=O)NC3)C2=CC=CC=C2N1CCC#N","non-substrate"
"COC1=CC=C2N(CC(O)CN(C)C)C3=C(C2=C1)C1=C(C(=O)NC1=O)C1=C3N(C)C2=CC=CC=C12","non-substrate"
"COC(=O)[C@@]1(O)CC2OC1N1C3=CC=CC=C3C3=C1C1=C(C4=CC=CC=C4N21)C1=C3CNC1=O","non-substrate"
"O=C1NCC2=C1C1=C(NC3=CC=CC=C13)C1=C2C2=CC=CC=C2N1","non-substrate"
"CCCCCCOC(=O)C1(O)C[C@@H]2O[C@@]1(C)N1C3=CC=CC=C3C3=C1C1=C(C4=CC=CC=C4N21)C1=C3CNC1=O","non-substrate"
"COC(=O)[C@]1(CC2OC1(C)N1C3=CC=CC=C3C3=C1C1=C(C4=CC=CC=C4N21)C1=C3CN(C)C1=O)OC","non-substrate"
"O=C1NC(=O)C2=C1C1=C(NC3=CC=CC=C13)C1=C2C2=CC=CC=C2N1","non-substrate"
"CO[C@@H]1[C@@H](C[C@H]2O[C@]1(C)N1C3=CC=CC=C3C3=C1C1=C(C4=CC=CC=C4N21)C1=C3CNC1=O)N(C)C(=O)C1=CC=CC=C1","non-substrate"
"O=C1NC(=O)C2=C1C1=C3N(C4CCC(O4)N4C5=CC=CC=C5C2=C34)C2=CC=CC=C12","non-substrate"
"BrC1=CC=C2C(NC3=C2C2=C(C(=O)NC2=O)C2=C3NC3=CC=CC=C23)=C1","non-substrate"
"CC1CN(CCN1)C1=C(F)C(C)=C2C(=O)C(=CN(C3CC3)C2=C1)C(O)=O","substrate"
"CC1SC2=C(C(O)=O)C(=O)C3=CC(F)=C(C=C3N12)N1CCNCC1","substrate"
"CCCCCCCCCCCCOCCO","non-substrate"
"CCCNCC(O)COC1=C(C=CC=C1)C(=O)CCC1=CC=CC=C1","non-substrate"
"COC1=C(C=CC=C1)C(=O)C=CC1=CC=CC=C1","non-substrate"
"COC1=CC=CC=C1C(=O)C=CC1=C(Cl)C=CC=C1","non-substrate"
"COC1=CC=CC=C1C(=O)C=CC1=CC=C(Cl)C=C1","non-substrate"
"COC1=CC=C(C(=O)C=CC2=CC=CC=C2)C(OC)=C1","non-substrate"
"COC1=CC=C(C(=O)C=CC2=C(Cl)C=CC=C2)C(OC)=C1","non-substrate"
"COC1=CC=C(C(=O)C=CC2=CC(Cl)=CC=C2)C(OC)=C1","non-substrate"
"COC1=CC=C(C(=O)C=CC2=CC=C(Cl)C=C2)C(OC)=C1","non-substrate"
"COC1=CC=C(C(=O)C=CC2=CC(Cl)=C(Cl)C=C2)C(OC)=C1","non-substrate"
"COC1=C(OC)C(OC)=C(C=C1)C(=O)C=CC1=CC=CC=C1","non-substrate"
"COC1=CC=C(C(=O)C=CC2=C(Cl)C=CC=C2)C(OC)=C1OC","non-substrate"
"COC1=CC=C(C(=O)C=CC2=CC=C(Cl)C=C2)C(OC)=C1OC","non-substrate"
"COC1=CC=C(C(=O)C=CC2=CC(Cl)=C(Cl)C=C2)C(OC)=C1OC","non-substrate"
"OC1=CC=CC=C1C(=O)C=CC1=C(Cl)C=CC=C1","non-substrate"
"OC1=CC=C(C(=O)C=CC2=C(Cl)C=CC=C2)C(O)=C1","non-substrate"
"OC1=CC=C(C(=O)C=CC2=CC(Cl)=CC=C2)C(O)=C1","non-substrate"
"OC1=CC(O)=C(C=C1)C(=O)C=CC1=CC=C(Cl)C=C1","non-substrate"
"CC[C@@]1(O)C(=O)OCC2=C1C=C1N(CC3=C1N=C1C=CC=CC1=C3CCNC(C)C)C2=O","substrate"
"CCC1=C(C)C2=NC1=C/C1=C(C)C3=C(N1)C(CC3=O)=C1/N=C(/C=C3N/C(=C2)C(C=C)=C3C)[C@@H](C)[C@@H]1CCC(O)=O","substrate"
"COC1=CC2=C(C(=O)C(O2)=CC2=CC=CC=C2OC)C(OC)=C1","non-substrate"
"CO[C@H]1C[C@@H](O[C@@H](C)[C@@H]1O)O[C@H]1[C@@H](C)C=CC=C2/CO[C@@H]3C(=N/O)C(C)=C[C@@H](C(=O)O[C@H]4C[C@@H](CC=C1/C)O[C@@]1(CC[C@H](C)[C@H](O1)C1CCCCC1)C4)[C@]23O","non-substrate"
"CC1=C(CCN2CCC(CC2)C2=NOC3=CC(F)=CC=C23)C(=O)N2CCCCC2=N1","non-substrate"
"CC1=C(CCN2CCC(CC2)C2=NOC3=CC(F)=CC=C23)C(=O)N2CCCC(O)C2=N1","non-substrate"
"CN1CCN(CC1)C1=NC2=C(NC3=C1C=C(C)S3)C=CC=C2","non-substrate"
"OCCOCCN1CCN(CC1)C1=NC2=CC=CC=C2SC2=CC=CC=C12","non-substrate"
"CN1CCN(CC1)C1=NC2=C(NC3=C1C=CC=C3)C=CC(Cl)=C2","non-substrate"
"CN(C)CCCN1C2=CC=CC=C2SC2=CC=C(Cl)C=C12","non-substrate"
"COC1=CC2=C(CN(CCCC3CCCC4=C(OC)C=CC=C34)CC2)C=C1OC","non-substrate"
"CCN(CC)CC(=O)OC1CCN(CC1)C1=CC=C(S1)C=C(/C#N)C1=CC(OC)=C(OC)C=C1","non-substrate"
"COC1=C(OC)C=C(C=C1)C(=CC1=CC=C(S1)N1CCC(O)CC1)C#N","non-substrate"
"CCOC(=O)C1C(C2=CC=CC=C2C(F)(F)F)C(C(=O)OCCNC(=O)C2=CC=C(C=C2)N=[N+]=[N-])=C(C)N=C1C","substrate"
"COC1=C2CCCC(CCCN3CCN(CC3)C3CCCCC3)C2=CC=C1","non-substrate"
"COC1=CC2=C(CN(CC3=CC=C(C=C3)C3=CC=C(O)C=C3)CC2)C=C1OC","non-substrate"
"CCOC(=O)C1=C(C)NC(C)=C(C1C1=CC=CC(Cl)=C1Cl)C(=O)OC","non-substrate"
"ClC1=CC=C(NC(=O)CSC2=NC3=CC=C(NC4=NC(=NC(=N4)N4CCOCC4)N4CCOCC4)C=C3S2)C=C1","non-substrate"
"O=C1NC2=C(N1)C(=O)NC(=O)N2","substrate"
"N[C@@H](CCC(=O)N[C@@H](CS)C(=O)NCC(O)=O)C(O)=O","substrate"
"CCCC1=NN(C)C2=C1NC(=NC2=O)C1=CC(=CC=C1OCC)S(=O)(=O)N1CCN(C)CC1","non-substrate"
"Cl.OC1=CC=C(C=C1)C1=C(C(=O)C2=CC=C(OCCN3CCCCC3)C=C2)C2=CC=C(O)C=C2S1","non-substrate"
"COC1=CC(OC)=C(C(=O)C=CC2=CN(C)C3=CC=CC=C23)C(OC)=C1","non-substrate"
"CCCCCCCCCCSCC(CO)NC(=O)C=CC1=C(C)NC(=O)NC1=O","substrate"
"OC[C@H]1O[C@@H](OC2=C([O+]=C3C=C(O)C=C(O)C3=C2)C2=CC=C(O)C(O)=C2)[C@H](O)[C@@H](O)[C@H]1O","substrate"
"[O-][N+](=O)C1=CC=C(C=C1)C(=O)NC1=CC=CC=C1C(=O)NC1=CC=C(CCN2CCC3=C(C2)C=CC=C3)C=C1","non-substrate"
"CCCC(=O)O[C@H](COC(=O)CC)COP(O)(=O)OC[C@H](N)C(O)=O","substrate"
"C[C@]12CC[C@H]3[C@@H](CCC4=CC(OS(O)(=O)=O)=CC=C34)[C@@H]1CC[C@@]2(O)C#C","substrate"
"CC(NC(C)(C)C)C(=O)C1=CC(Cl)=CC=C1","substrate"
"OCCC1=CC=C(NC(=O)C2=CC=CC=C2NC(=O)C2=CC=CC=C2)C=C1","non-substrate"
"OCCC1=CC=C(NC(=O)C2=CC=CC=C2NC(=O)C2=CC=CC=C2[N+]([O-])=O)C=C1","non-substrate"
"COC1=CC=C(C2=NC(C(N2C(=O)N2CCNC(=O)C2)C2=CC=C(Cl)C=C2)C2=CC=C(Cl)C=C2)C(OC(C)C)=C1","non-substrate"
"O=C(C=CC=CC1=CC2=C(OCO2)C=C1)N1CCCCC1","non-substrate"
"CC1=C(OS(O)(=O)=O)C(C)=C2CCC(C)(COC3=CC=C(CC4=C(O)NC(=O)S4)C=C3)OC2=C1C","substrate"
"NC1=NC(=O)N(C=C1)[C@@H]1O[C@H](CO)[C@@H](O)[C@@H]1O","substrate"
"O[C@H]1C[C@@H](O[C@@H]1COP(O)(O)=O)N1C=C(F)C(=O)NC1=O","substrate"
"CN(C)C1=C(C=CC=C1)C(=O)NC(=O)NC1=CC(C)=C(OC2=NC=C(Br)C=N2)C=C1","substrate"
"COC1=CC(C=CC2=CC=CC=C2)=CC(OC)=C1","non-substrate"
"COC1=CC(C=CC2=CC(OC)=C(OC)C=C2)=CC(OC)=C1","non-substrate"
"COC1=CC(O)=C(C=C1)C(=O)C=CC1=CC(OC)=C(OC)C=C1","non-substrate"
"COC1=C(OC)C=C(C=C1)C(=O)C=CC1=C(Cl)C=CC=C1","non-substrate"
"CC(C)[C@H](CO)NC1=NC(CC2=CC=CC(Cl)=C2)=C2N=CN(C(C)C)C2=N1","non-substrate"
"CC[C@H](CO)NC1=NC(NCC2=CC=CC=C2)=C2N=CN(C(C)C)C2=N1","non-substrate"
"CC(C)N1C=NC2=C(NCC3=CC=CC=C3)N=C(NCCCO)N=C12","non-substrate"
"O=C1C=C(OC2=C(C=CC=C12)C1=CC=CC=C1)N1CCOCC1","non-substrate"
"COC1=CC(OC)=C(C(=O)C=CC2=C(OC)C=C(OC)C=C2OC)C(O)=C1","non-substrate"
"CS(=O)C1=NC2=CC(OC3=C(Cl)C(Cl)=CC=C3)=C(Cl)C=C2N1","non-substrate"
"CS(=O)(=O)C1=NC2=CC(Cl)=C(OC3=CC=CC(Cl)=C3Cl)C=C2N1","non-substrate"
"S=C=NCC1=CC=CC=C1","non-substrate"
"S=C=NC1=C2C=CC=CC2=CC=C1","non-substrate"
"S=C=NCCCCC1=CC=CC=C1","non-substrate"
"CCC(N=C=S)C1=CC=CC=C1","non-substrate"
"S=C=NCCCCCCC1=CC=CC=C1","non-substrate"
"CCOC1=C(NC(=O)C=CCN(C)C)C=C2C(NC3=CC=C(F)C(Cl)=C3)=C(C=NC2=C1)C#N","non-substrate"
"CCOC1=C(NC(=O)C=CCN(C)C)C=C2C(NC3=CC(Cl)=C(OCC4=NC=CC=C4)C=C3)=C(C=NC2=C1)C#N","non-substrate"
"OC1=CC=C(C=C1)C1=COC2=CC(OS(O)(=O)=O)=CC(O)=C2C1=O","substrate"
"OCC(CC1=CC=CC(O)=C1)[C@@H](CO)CC1=CC=CC(OS(O)(=O)=O)=C1","substrate"
"COC1=CC=C(C=C1)C1=COC2=CC(OS(O)(=O)=O)=CC=C2C1=O","substrate"
"CO[C@]12CC[C@@]3(C[C@@H]1[C@](C)(O)C(C)(C)C)[C@H]1CC4=C5C(O[C@@H]2[C@@]35CCN1)=C(O)C=C4","non-substrate"
"COC1=CC2=C(C=CN=C2C=C1)[C@@H](O)[C@@H]1C[C@@H]2CC[N@]1C[C@@H]2C=C","non-substrate"
"CCOC1=NC2=CC=CC(C(=O)OC(C)OC(=O)OC3CCCCC3)=C2N1CC1=CC=C(C=C1)C1=C(C=CC=C1)C1=NNN=N1","non-substrate"
"CCCC1=NC(=C(N1CC1=CC=C(C=C1)C1=C(C=CC=C1)C1=NN=NN1)C(=O)OCC1=C(C)OC(=O)O1)C(C)(C)O","substrate"
"COC1=CC2=C(NC3=CC(OC)=C(Cl)C=C3Cl)C(=CN=C2C=C1OCCCN1CCN(C)CC1)C#N","non-substrate"
"O[C@@H]1[C@@H](O)[C@H](OC2=C(O)C=C3OC(=CC(=O)C3=C2O)C2=CC=C(O)C=C2)O[C@@H]([C@H]1O)C(O)=O","substrate"
"O[C@@H]1[C@@H](O)[C@H](OC2=C(O)C(O)=C3C(=O)C=C(OC3=C2)C2=CC=C(O)C=C2)O[C@@H]([C@H]1O)C(O)=O","substrate"
