"CC(C)C(=O)[C@@]12C(=O)C(=C(O)[C@@](CC=C(C)C)(C[C@H](CC=C(C)C)[C@@]1(C)CCC=C(C)C)C2=O)CC=C(C)C","non-substrate"
"CC(CCC(=O)NC(CCCCNc1ccc(c2nonc12)[N+](=O)[O-])COO)[C@H]3CC[C@H]4[C@@H]5[C@H](O)CC6C[C@H](O)CC[C@]6(C)[C@H]5CC[C@]34C","substrate"
"NC(CCC(=O)NC(CNCC(=O)O)CSCCN1C(=O)C=CC1=O)C(=O)O","substrate"
"OC(=O)c1ccccc1C2=C3C=CC(=O)C=C3Oc4cc(O)ccc24","substrate"
"COC(=O)c1ccc(cc1NC(=O)c2ccc3ncccc3c2)C(=O)Nc4ccc(CCN5CCc6cc(OC)c(OC)cc6C5)cc4","non-substrate"
"CCc1c2CN3C(=O)C4=C(C=C3c2nc5ccc(OC[C@@H]6O[C@@H]([C@@H](O)[C@H](O)[C@H]6O)C(=O)O)cc15)[C@@](O)(CC)C(=O)OC4","substrate"
"OC1=NC(=O)C(N1)(c2ccccc2)c3ccccc3","substrate"
"CN(CCCC(C[C@@H]1O[C@@H]([C@@H](O)[C@H](O)[C@H]1O)C(=O)O)c2cccnc2)N=O","substrate"
"COC(=O)c1ccc(cc1NC(=O)c2cnc3ccccc3n2)C(=O)Nc4ccc(CCN5CCc6cc(OC)c(OC)cc6C5)cc4","non-substrate"
"CC[C@@H]1C[C@]1(NC(=O)[C@@H]2C[C@H](CN2C(=O)[C@@H](NC(=O)OC3C[C@@H]4C[C@@H]4C3)C(C)(C)C)Oc5cc(nc6c(Cl)c(OCCN7CCOCC7)ccc56)c8csc(NC(C)C)n8)C(=O)O","non-substrate"
"NC1=NC(=O)C2=C(NCC(CNC3=CC=C(C=C3)C(=O)N[C@@H](CCC(O)=O)C(O)=O)N2)N1","non-substrate"
"[H][C@@](C)(CN1C=NC2=C(N)N=CN=C12)OCP(=O)(OCOC(=O)OC(C)C)OCOC(=O)OC(C)C","substrate"
"COC1=C(C\C=C(/C)CCC(=O)OCCN2CCOCC2)C(O)=C2C(=O)OCC2=C1C","substrate"
"[H][C@@]12CC[C@@](OC(C)=O)(C#C)[C@@]1(CC)CC[C@]1([H])[C@@]3([H])CC\C(C=C3CC[C@@]21[H])=N/O","substrate"
"N.N.O=C1O[Pt]OC(=O)C11CCC1","substrate"
"O[C@@H](CC[C@@H]1[C@H](N(C1=O)C1=CC=C(F)C=C1)C1=CC=C(O)C=C1)C1=CC=C(F)C=C1","substrate"
"CCN1C=C(C(O)=O)C(=O)C2=CC(F)=C(N3CCNC(C)C3)C(F)=C12","non-substrate"
"COC(=O)C1=C(C)NC(C)=C(C1C1=CC=CC=C1[N+]([O-])=O)C(=O)OC","non-substrate"
"O=[As]O[As]=O","non-substrate"
"[H][C@@](O)(CN1C[C@@]2([H])CCCC[C@@]2([H])C[C@@]1([H])C(O)=NC(C)(C)C)[C@]([H])(CC1=CC=CC=C1)N=C(O)[C@]([H])(CC(O)=N)NC(=O)C1=NC2=CC=CC=C2C=C1","substrate"
"O=C(NC1=C2OC(=CC(=O)C2=CC=C1)C1=NNN=N1)C1=CC=C(OCCCCC2=CC=CC=C2)C=C1","non-substrate"
"[H]\C1=C([H])\[C@]2([H])C[C@]2(N=C(O)[C@]2([H])C[C@]([H])(C[C@@]2([H])C(=O)N(C)CCCC1)OC1=C2C=CC(OC)=C(C)C2=NC(=C1)C1=NC(=CS1)C(C)C)C(O)=NS(=O)(=O)C1CC1","substrate"
"[Gd+3].[H][C@@](CN(CCN(CC([O-])=O)CC([O-])=O)CC([O-])=O)(CC1=CC=C(OCC)C=C1)N(CC(O)=O)CC(O)=O","substrate"
"[H][C@]1(O[C@H](CO)[C@@H](O)[C@H](O)[C@H]1O)C1=CC=C(C)C(CC2=CC=C(S2)C2=CC=C(F)C=C2)=C1","substrate"
"[H]OS(=O)(=O)ON1C(=O)N2C([H])([H])[C@@]1([H])C([H])([H])C([H])([H])[C@@]2([H])C(=O)N([H])[H]","substrate"
"COC1=CC=C(CN([C@@H](C)C2=NC(=CN2)C2=CC=CC=C2)C(=O)[C@@H](N)CC2=C(C)C=C(C=C2C)C(N)=O)C=C1C(O)=O","substrate"
"COC1=CC=CC(=C1)N1CCN(CC1)C1=NC2=C(C=CC=C2F)[C@H](CC(O)=O)N1C1=CC(=CC=C1OC)C(F)(F)F","non-substrate"
"[H]N([H])C(=O)C[C@]1([H])NC(=O)[C@H](CCC(N)=O)NC(=O)[C@H](CC2=CC=CC=C2)NC(=O)[C@H](CC2=CC=C(O)C=C2)NC(=O)[C@@H](N)CSSC[C@H](NC1=O)C(=O)N1CCC[C@H]1C(=O)NC([H])(CCCCN)C(=O)NCC(N)=O","non-substrate"
"C[C@H](CCC(=O)N[C@@H](CCCCNC1=CC=C(C2=NON=C12)[N+]([O-])=O)C(O)=O)[C@H]1CC[C@H]2[C@@H]3[C@@H](O)C[C@@H]4C[C@H](O)CC[C@]4(C)[C@H]3CC[C@]12C","substrate"
"C1CO1.CC1CO1","non-substrate"
"C[C@H](O)[C@H]1NC(=O)[C@H](C)NC(=O)[C@H](C[C@@](C)(O)CO)NC(=O)[C@@H]2CC3=C(NC4=CC=CC=C34)SC[C@H](NC1=O)C(=O)N1C[C@@H](O)C[C@H]1C(=O)N[C@@H](C)C(=O)N2","substrate"
"CC(C)(C)C1=CC=C(C=C1)C(O)CCCN1CCC(CC1)C(O)(C1=CC=CC=C1)C1=CC=CC=C1","non-substrate"
"CC(NCCC(C1=CC=CC=C1)C1=CC=CC=C1)C1=CC=CC=C1","non-substrate"
"CCOC(=O)N1CCC(CC1)=C1C2=CC=C(Cl)C=C2CCC2=CC=CN=C12","non-substrate"
"CCC(=C(CC)C1=CC=C(O)C=C1)C1=CC=C(O)C=C1","non-substrate"
"COC1=CC(=CC=C1O)[C@@H]1OC2=CC(=CC=C2O[C@H]1CO)[C@H]1OC2=C(C(O)=CC(O)=C2)C(=O)[C@@H]1O.COC1=C(O)C=CC(=C1)[C@H]1OC2=CC(=CC=C2O[C@@H]1CO)[C@H]1OC2=CC(O)=CC(O)=C2C(=O)[C@@H]1O","non-substrate"
"CN(C)CCC=C1C2=CC=CC=C2SC2=C1C=C(Cl)C=C2","non-substrate"
"COC1=CC=C(CCN2CCC(CC2)NC2=NC3=CC=CC=C3N2CC2=CC=C(F)C=C2)C=C1","non-substrate"
"COC1=CC=C(C=C1)[C@@H]1SC2=C(C=CC=C2)N(CCN(C)C)C(=O)[C@@H]1OC(C)=O","non-substrate"
"NCCCC[C@H](N[C@@H](CCC1=CC=CC=C1)C(O)=O)C(=O)N1CCC[C@H]1C(O)=O","non-substrate"
"C[N+]1=CC2=C3OCOC3=CC=C2C2=C1C1=CC3=C(OCO3)C=C1C=C2","non-substrate"
"COC(=O)C1=C(C)NC(C)=C(C1C1=CC=CC2=NON=C12)C(=O)OC(C)C","non-substrate"
"CC(C)OC(=O)C(C)(C)OC1=CC=C(C=C1)C(=O)C1=CC=C(Cl)C=C1","non-substrate"
"OCCN1CCN(CCC=C2C3=C(SC4=C2C=C(C=C4)C(F)(F)F)C=CC=C3)CC1","non-substrate"
"CN(C)C(=O)C(CCN1CCC(O)(CC1)C1=CC=C(Cl)C=C1)(C1=CC=CC=C1)C1=CC=CC=C1","non-substrate"
"CN(C)CCC=C1C2=C(CCC3=C1C=CC=C3)C=CC=C2","non-substrate"
"CNC(NCCSCC1=CC=C(CN(C)C)O1)=C[N+]([O-])=O","non-substrate"
"CCS(=O)(=O)CCN1C(C)=NC=C1[N+]([O-])=O","non-substrate"
"CNCCCC12CCC(C3=CC=CC=C13)C1=C2C=CC=C1","non-substrate"
"C[C@H]1O[C@@H](O[C@@H]2C[C@@H]3O[C@@](O)(C[C@H](O)[C@H]3C(O)=O)C[C@@H](O)[C@H](O)CC[C@@H](O)C[C@@H](O)C[C@@H](O)CC(=O)O[C@@H](C)[C@H](C)[C@H](O)[C@@H](C)C=CC=CCCC=CC=CC=CC=C2)[C@@H](O)[C@@H](N)[C@@H]1O","non-substrate"
"CNCCCN1C2=CC=CC=C2CCC2=C1C=CC=C2","non-substrate"
"COC1=CC2=C(C[C@H]3[C@H]4CCCC[C@@]24CCN3C)C=C1","non-substrate"
"CCCNCC(O)COC1=C(C=CC=C1)C(=O)CCC1=CC=CC=C1","non-substrate"
"CN(C)CCCN1C2=CC=CC=C2SC2=CC=C(Cl)C=C12","non-substrate"
"COC(=O)C1=C(C)NC(C)=C(C1C1=CC(=CC=C1)[N+]([O-])=O)C(=O)OCCN(C)CC1=CC=CC=C1","non-substrate"
"CN1[C@H]2CC[C@@H]1C[C@@H](C2)OC(=O)C(CO)C1=CC=CC=C1","non-substrate"
"CC(C)[C@@]1(NC(=O)[C@H]2CN(C)[C@@H]3CC4=CNC5=CC=CC(=C45)C3=C2)O[C@@]2(O)[C@@H]3CCCN3C(=O)[C@H](CC3=CC=CC=C3)N2C1=O","non-substrate"
"CCN(CC)CC1=CC(NC2=CC=NC3=CC(Cl)=CC=C23)=CC=C1O","non-substrate"
"OC(CCN1CCCC1)(C1CCCCC1)C1=CC=CC=C1","non-substrate"
"CCCCC1=C(C(=O)C2=CC(I)=C(OCCN(CC)CC)C(I)=C2)C2=CC=CC=C2O1","non-substrate"
"N[C@@H](CC1=CNC2=CC=CC=C12)C(O)=O","non-substrate"
"CCCCOC1=CC=C(OCCCN2CCOCC2)C=C1","non-substrate"
"CC(C)NCC(O)COC1=C2C=CC=CC2=CC=C1","non-substrate"
"CCOC1=CC=C(C=C1)C1=NC2=CC=C(C=C2N1)C1=NC2=CC(=CC=C2N1)N1CCN(C)CC1","non-substrate"
"C[N+]1=CC=C(C=C1)C1=CC=CC=C1","non-substrate"
"COCCC1=CC=C(OCC(O)CNC(C)C)C=C1","non-substrate"
"COC1=CC=C2C(NC3=C2C[C@@H]2N([C@H]3CC(C)C)C(=O)[C@H](CCC(=O)OC(C)(C)C)NC2=O)=C1","non-substrate"
"CC1=C(C(=O)N[C@H]2[C@H]3SC(C)(C)[C@@H](N3C2=O)C(O)=O)C(=NO1)C1=C(Cl)C=CC=C1F","non-substrate"
"ClC1=CC=C2OC(=O)NC2=C1","non-substrate"
"COC1=C(OCCCN2CCOCC2)C=C2C(NC3=CC(Cl)=C(F)C=C3)=NC=NC2=C1","non-substrate"
"CS(O)(=O)=O.CN1CCN(CC2=CC=C(C=C2)C(=O)NC2=CC=C(C)C(NC3=NC=CC(=N3)C3=CN=CC=C3)=C2)CC1","non-substrate"
"OC1=CC=C(C=CC2=CC(O)=CC(O)=C2)C=C1","non-substrate"
"COC1=CC=C2[C@H](OC(=O)C2=C1OC)[C@@H]1N(C)CCC2=C1C(OC)=C1OCOC1=C2","non-substrate"
"COC1=CC2=NC(=NC(N)=C2C=C1OC)N1CCN(CC1)C(=O)C1=CC=CO1","non-substrate"
"CC1=CN=C(C=N1)C(=O)NCCC1=CC=C(C=C1)S(=O)(=O)NC(=O)NC1CCCCC1","non-substrate"
"NC(=N)NC(=O)C1=NC(Cl)=C(N)N=C1N","non-substrate"
"CCOC1=CC=C(NC(C)=O)C=C1","non-substrate"
"COC1=CC=C(C=C1)C1=COC2=CC(O)=CC(O)=C2C1=O","non-substrate"
"C[N+](C)(C)C[C@H](O)CC(O)=O","non-substrate"
"CN1N(C(=O)C=C1C)C1=CC=CC=C1","non-substrate"
"CC1=C(CCN2CCC(CC2)=C(C2=CC=C(F)C=C2)C2=CC=C(F)C=C2)C(=O)N2C=CSC2=N1","non-substrate"
"CCOC(=O)C1=C(C)NC(C)=C(C1C1=CC=CC(Cl)=C1Cl)C(=O)OC","non-substrate"
"NC(=N)NC(=N)NCCC1=CC=CC=C1","non-substrate"
"CCC[C@@]1(CCC2=CC=CC=C2)CC(O)=C([C@H](CC)C2=CC(NS(=O)(=O)C3=NC=C(C=C3)C(F)(F)F)=CC=C2)C(=O)O1","non-substrate"
"COC1=CC=CC(=C1)[C@@]1(O)CCCC[C@@H]1CN(C)C","non-substrate"
"CC(C)(C)NC[C@H](O)COC1=NSN=C1N1CCOCC1","non-substrate"
"COC1=CC2=C(C=C1OC)[C@H]1[C@@H](CO2)OC2=C(C=CC3=C2C[C@@H](O3)C(C)=C)C1=O","non-substrate"
"CC1=CC(=O)OC2=CC(OC3O[C@@H]([C@@H](O)[C@H](O)[C@H]3O)C(O)=O)=CC=C12","non-substrate"
"C[C@]12CC[C@H]3[C@@H](CCC4=C3C=CC(O)=C4)[C@@H]1CC[C@@H]2O","non-substrate"
"CC(C)C(=O)NC1=CC(=C(C=C1)[N+]([O-])=O)C(F)(F)F","non-substrate"
"CC(=O)CC(C1=CC=CC=C1)C1=C(O)C2=CC=CC=C2OC1=O","non-substrate"
"C[C@]12CC[C@H]3[C@@H](CCC4=CC(=O)CC[C@]34C)[C@@H]1CC[C@@H]2O","non-substrate"
"CCC1=C(C)CN(C(=O)NCCC2=CC=C(C=C2)S(=O)(=O)NC(=O)N[C@H]2CC[C@H](C)CC2)C1=O","non-substrate"
"CC1=CC=C(C=C1)S(=O)(=O)NC(=O)NN1CC2CCCC2C1","non-substrate"
"CCOC(=O)C1=C(C)NC(C)=C(C1C1=CC(=CC=C1)[N+]([O-])=O)C(=O)OC","non-substrate"
"CCC1=C2CN3C(=CC4=C(COC(=O)[C@]4(O)CC)C3=O)C2=NC2=CC=C(O[C@@H]3O[C@@H]([C@@H](O)[C@@H](O)[C@H]3O)C(O)=O)C=C12","substrate"
"CO[C@@H]1C[C@@H](CC[C@H]1O)C=C(/C)[C@H]1OC(=O)[C@@H]2CCCCN2C(=O)C(=O)[C@]2(O)O[C@@H]([C@H](C[C@H]2C)OC)[C@H](C[C@@H](C)CC(C)=C[C@@H](CC=C)C(=O)C[C@H](O)[C@H]1C)OC","non-substrate"
"O=C1NC2=C(N1)C(=O)NC(=O)N2","substrate"
"CCN1C(=O)CC(SC[C@H](NC(=O)CC[C@H](N)C(O)=O)C(=O)NCC(O)=O)C1=O","substrate"
"N[C@@H](CC(=O)N1CCN2C(C1)=NN=C2C(F)(F)F)CC1=CC(F)=C(F)C=C1F","substrate"
"CCCCC[C@H](O)C=C[C@H]1[C@H](CC(=O)[C@@H]1CCCCCCC(O)=O)SC[C@H](NC(=O)CC[C@H](N)C(O)=O)C(=O)NCC(O)=O","substrate"
"CCCCC[C@H](O)C=C[C@H]1[C@H](O)CC(=O)[C@@H]1CCCCCCC(O)=O","substrate"
"COC1=C(OC2=C(NS(=O)(=O)C3=CC=C(C=C3)C(C)(C)C)N=C(N=C2OCCO)C2=NC=CC=N2)C=CC=C1","non-substrate"
"CCC(CSC[C@H](NC(=O)CC[C@H](N)C(O)=O)C(=O)NCC(O)=O)C(=O)C1=C(Cl)C(Cl)=C(OCC(O)=O)C=C1","substrate"
"C[C@H](NC1=C2C=C(NC2=NC=N1)C1=CC=C(O[C@@H]2O[C@@H]([C@@H](O)[C@H](O)[C@H]2O)C(O)=O)C=C1)C1=CC=CC=C1","substrate"
"ONC(=O)C=CC(C)=C[C@@H](C)C(=O)C1=CC=C(N(C)C)C=C1","non-substrate"
"SC(=S)N1CCCC1","non-substrate"
"CCCC1=NC2=C(C)C=C(C=C2N1CC1=CC=C(C=C1)C1=C(C=CC=C1)C(=O)O[C@@H]1O[C@@H]([C@@H](O)[C@H](O)[C@H]1O)C(O)=O)C1=NC2=CC=CC=C2N1C","substrate"
"CC(C)CCC[C@@H](C)[C@H]1CC[C@H]2[C@@H]3CC=C4C[C@@H](O)CC[C@]4(C)[C@H]3CC[C@]12C","non-substrate"
"N[C@@H](CCC(=O)N[C@@H](CS[As](SC[C@H](NC(=O)CC[C@H](N)C(O)=O)C(=O)NCC(O)=O)SC[C@H](NC(=O)CC[C@H](N)C(O)=O)C(=O)NCC(O)=O)C(=O)NCC(O)=O)C(O)=O","substrate"
"N[C@@H](CCC(=O)N[C@@H](CS[As]([Se-])SC[C@H](NC(=O)CC[C@H](N)C(O)=O)C(=O)NCC(O)=O)C(=O)NCC(O)=O)C(O)=O","substrate"
"N[C@@H](CCC(=O)N[C@@H](CSCCN(CCCl)C1=CC=C(CCCC(O)=O)C=C1)C(=O)NCC(O)=O)C(O)=O","substrate"
"OC1=C(OC2=CC=CC=C2C1=O)C1=CC=CC=C1","non-substrate"
"OC1=CC(=CC=C1)C1=CC(=O)C2=CC=CC=C2O1","non-substrate"
"OC1=CC=C(C=C1)C1=CC(=O)C2=CC=CC=C2O1","non-substrate"
"OC1=CC(=CC=C1)C1=C(O)C(=O)C2=CC=CC=C2O1","non-substrate"
"OC1=CC=C(C=C1)C1=C(O)C(=O)C2=CC=CC=C2O1","non-substrate"
"OC1=CC(O)=C2C(OC(=C(O)C2=O)C2=CC=CC=C2)=C1","non-substrate"
"OC1=C(O)C(O)=C2C(=O)C=C(OC2=C1)C1=CC=CC=C1","non-substrate"
"OC1=C(O)C=C(C=C1)C1=C(O)C(=O)C2=CC=CC=C2O1","non-substrate"
"OC1=CC=C(C=C1)C1=C(O)C(=O)C2=C(O)C=C(O)C=C2O1","non-substrate"
"OC1=CC=C2C(OC(=C(O)C2=O)C2=CC=C(O)C(O)=C2)=C1","non-substrate"
"OC1=CC(O)=C2C(=O)C=C(OC2=C1)C1=CC(O)=C(O)C=C1","non-substrate"
"OC1=CC2=C(C(=O)C[C@H](O2)C2=CC=C(O)C(O)=C2)C(O)=C1","non-substrate"
"COC1=CC=C(C=C1)C1=CC(=O)C2=C(O)C=C(O)C=C2O1","non-substrate"
"COC1=CC=C(C=C1)C1=C(O)C(=O)C2=C(O)C=C(O)C=C2O1","non-substrate"
"COC1=CC(OC)=C2C(=O)C=C(OC2=C1)C1=CC(OC)=C(OC)C=C1","non-substrate"
"COC1=C(O)C=C(C=C1)C1=CC(=O)C2=C(O)C=C(O)C=C2O1","non-substrate"
"COC1=C(O)C=CC(=C1)C1=CC(=O)C2=C(O)C=C(O)C=C2O1","non-substrate"
"O[C@@H]1[C@@H](O)[C@H](OC2=CC(O)=C3C(=O)C=C(OC3=C2)C2=CC=CC=C2)O[C@@H]([C@H]1O)C(O)=O","substrate"
"OC1=C2C(=O)C=C(OC2=CC(OS(O)(=O)=O)=C1)C1=CC=CC=C1","substrate"
"OC[C@H]1O[C@@H](OC2=CC=C(C=C2O)C2=C(O)C(=O)C3=C(O)C=C(O)C=C3O2)[C@H](O)[C@@H](O)[C@@H]1O","substrate"
"OC[C@H]1O[C@@H](OC2=CC(O)=C3C(=O)C(=COC3=C2)C2=CC=C(O)C=C2)[C@H](O)[C@@H](O)[C@@H]1O","substrate"
"OC[C@H]1O[C@@H](OC2=CC(O)=CC(O)=C2C(=O)CCC2=CC=C(O)C=C2)[C@H](O)[C@@H](O)[C@@H]1O","substrate"
"[Cl-].COC(=O)C1=CC=CC=C1C1=C2C=CC(N)=CC2=[O+]C2=CC(N)=CC=C12","substrate"
"CCCCNC(=O)NS(=O)(=O)C1=CC=C(C)C=C1","non-substrate"
"O[C@@H]1[C@@H](O)[C@H](OC(=O)CC2=C(NC3=C(Cl)C=CC=C3Cl)C=CC=C2)O[C@@H]([C@H]1O)C(O)=O","non-substrate"
"COC1=CC=C2C=C(C=CC2=C1)[C@H](C)C(=O)O[C@@H]1O[C@@H]([C@@H](O)[C@H](O)[C@H]1O)C(O)=O","non-substrate"
"CN[C@H](C)[C@@H]1CC[C@@H](N)[C@@H](O[C@@H]2[C@@H](N)C[C@@H](N)[C@H](O[C@H]3OC[C@](C)(O)[C@H](NC)[C@H]3O)[C@H]2O)O1","non-substrate"
"N[C@@H](CCC(=O)N[C@@H](CSC1=CC=C(C(=C1)[N+]([O-])=O)[N+]([O-])=O)C(=O)NCC(O)=O)C(O)=O","non-substrate"
"NC1=NC(N)=NC(N)=N1","substrate"
"CC1=C[C@H]2O[C@@H]3[C@H](O)C[C@@](C)([C@]33CO3)[C@@]2(CO)[C@H](O)C1=O","substrate"
"C[C@H](CCC(=O)N[C@@H](CCCCNC(=S)NC1=CC2=C(C=C1)C1(OC2=O)C2=C(OC3=C1C=CC(O)=C3)C=C(O)C=C2)C(O)=O)[C@H]1CC[C@H]2[C@@H]3[C@H](O)C[C@@H]4C[C@H](O)CC[C@]4(C)[C@H]3C[C@H](O)[C@]12C","substrate"
"C[C@H]1CCCC(=O)CCCC=CC2=C(C(O)=CC(O)=C2)C(=O)O1","substrate"
"Cl[Hg]Cl","substrate"
"O1[As]2O[As]3O[As]1O[As](O2)O3","non-substrate"
"OC1=CC=C(C=CC(=O)CC(=O)C=CC2=CC=C(O)C=C2)C=C1","non-substrate"
"OC1=CC=C(C=CC(=O)OCCC2=CC=CC=C2)C=C1O","non-substrate"
"O=CC=CC1=CC=CC=C1","non-substrate"
"CC=CC=O","non-substrate"
"CCCC=CC=O","non-substrate"
"C=CC=O","non-substrate"
"CN1CC(=O)N=C1N","substrate"
"C[C@H](CCCC(O)(C)C)[C@H]1CC[C@H]2C(CCC[C@]12C)=CC=C1C[C@@H](O)C[C@H](O)C1=C","non-substrate"
"CC(C)CCC[C@@H](C)[C@H]1CC[C@H]2C(CCC[C@]12C)=CC=C1C[C@@H](O)C[C@H](O)C1=C","non-substrate"
"CC(C)[C@@H](C)C=C[C@@H](C)[C@H]1CC[C@H]2C(CCC[C@]12C)=CC=C1C[C@@H](O)C[C@H](O)C1=C","non-substrate"
"C[C@H](CCCC(O)(C)C)[C@H]1CC[C@H]2C(CCC[C@]12C)=CC=C1C[C@@H](O)CCC1=C","non-substrate"
"OC(C1=CC=C(C=C1)N(CC(F)(F)F)S(=O)(=O)C1=CC=CC=C1)(C(F)(F)F)C(F)(F)F","non-substrate"
"C[C@H](CCCC(C)(C)O)[C@H]1CC[C@H]2[C@@H]3CC=C4C[C@@H](O)CC[C@]4(C)[C@H]3CC[C@]12C","non-substrate"
"C[C@H](CCC=C(/C)C(O)=O)[C@H]1C[C@H](OC(=O)C)[C@@]2(C)C3=CC[C@H]4C(C)(C)[C@@H](CC[C@]4(C)C3=CC[C@]12C)OC(=O)C","non-substrate"
"CCCCS(=N)(=O)CCC(N)C(O)=O","non-substrate"
"NC1=NC(=O)C2=NC(CNC3=CC=C(C=C3)C(=O)N[C@@H](CCC(O)=O)C(O)=O)=CN=C2N1","substrate"
"CN(CCCC(=O)C1=CN=CC=C1)N=O","substrate"
"CCOCN(C(=O)CCl)C1=C(CC)C=CC=C1C","substrate"
"CCC1=CC=CC(CC)=C1N(COC)C(=O)CCl","substrate"
"COCCN(C(=O)CCl)C1=C(C)C=CC=C1C","substrate"
"CC1=CC=CC(C)=C1N(CN1C=CC=N1)C(=O)CCl","substrate"
"CCC1=C(N(C(C)COC)C(=O)CCl)C(C)=CC=C1","substrate"
"CC(C)N(C(=O)CCl)C1=CC=CC=C1","substrate"
"CC(C#C)N(C(=O)CCl)C1=CC=CC=C1","substrate"
"CCOCN(C(=O)CSC[C@H](NC(=O)CC[C@H](N)C(O)=O)C(=O)NCC(O)=O)C1=C(CC)C=CC=C1C","substrate"
"CCOCN(C(=O)CSC[C@H](N)C(O)=O)C1=C(CC)C=CC=C1C","substrate"
"CCC1=C(NC(=O)CSC[C@H](NC(=O)CC[C@H](N)C(O)=O)C(=O)NCC(O)=O)C(C)=CC=C1","substrate"
"CCC1=C(NC(=O)CSC[C@H](N)C(O)=O)C(C)=CC=C1","substrate"
"CC1=C[C@H]2O[C@@H]3[C@H](O)[C@@H](O)[C@@](C)([C@]33CO3)[C@@]2(CO)[C@H](O)C1=O","substrate"
"CN(CC1=CC=C2NC(C)=NC(=O)C2=C1)C1=CC=C(S1)N(C=O)[C@@H](CCC(O)=O)C(O)=O","substrate"
"CC1=NC(=O)C2=C(N1)C=CC1=CC=C(CNC3=CC4=C(C=C3)C(=O)N(C4)[C@@H](CCC(O)=O)C(O)=O)C=C21","substrate"
"CN1CC[C@]23[C@H]4OC5=C(O)C=CC(C[C@@H]1[C@@H]2C=C[C@@H]4O[C@@H]1O[C@@H]([C@@H](O)[C@H](O)[C@H]1O)C(O)=O)=C35","substrate"
"CON=C1/CN(CC1CN)C1=C(F)C=C2C(=O)C(=CN(C3CC3)C2=N1)C(O)=O","substrate"
"CCCCCCCCC=C/CCCCCCCC(=O)OCC(O)CO","non-substrate"
"CC1(C)S[C@@H]2[C@H](NC(=O)[C@H](N)C3=CC=CC=C3)C(=O)N2[C@H]1C(O)=O","substrate"
"CON=C(/C(=O)N[C@H]1[C@H]2SCC(CSC3=NC(C)=C(CC(O)=O)S3)=C(N2C1=O)C(O)=O)C1=CSC(N)=N1","substrate"
"CON=C(/C(=O)N[C@H]1[C@H]2SCC(CSC3=NC(=O)C(=O)NN3C)=C(N2C1=O)C(O)=O)C1=CSC(N)=N1","substrate"
"CC[C@@]1(O)C(=O)OCC2=C1C=C1N(CC3=C1N=C1C=CC=CC1=C3)C2=O","substrate"
"NC(=O)N1CCC(CC(=O)N2CCC(CC2)[C@H]2C3=C(CCC4=C2C(Br)=CC(Cl)=C4)C=C(Br)C=N3)CC1","non-substrate"
"OC(=O)CN1C[C@H](SC[C@H](N[C@@H](CCC2=CC=CC=C2)C(O)=O)C1=O)C1=CC=CS1","substrate"
"C[C@@H]1O[C@@H](OC[C@H]2O[C@@H](OC3=C(OC4=CC(O)=CC(O)=C4C3=O)C3=CC(O)=C(O)C=C3)[C@H](O)[C@@H](O)[C@@H]2O)[C@H](O)[C@H](O)[C@H]1O","non-substrate"
"OC[C@H]1O[C@@H](OC2=C(OC3=CC(O)=CC(O)=C3C2=O)C2=CC=C(O)C(O)=C2)[C@H](O)[C@@H](O)[C@@H]1O","non-substrate"
"CSCCCCN=C=S","non-substrate"
"OC(=O)CCCC1=CC=CC=C1","non-substrate"
"O[C@@H](CC[C@@H]1[C@H](N(C1=O)C1=CC=C(F)C=C1)C1=CC=C(O[C@@H]2O[C@@H]([C@@H](O)[C@H](O)[C@H]2O)C(O)=O)C=C1)C1=CC=C(F)C=C1","substrate"
"C[C@H](CCC(=O)NCCS(O)(=O)=O)C1CC[C@H]2[C@@H]3CC[C@@H]4C[C@H](O)CC[C@]4(C)[C@H]3C[C@H](O)[C@]12C","non-substrate"
"NC1=NC(N)=C(N=N1)C1=C(Cl)C(Cl)=CC=C1","substrate"
"COC1=C2N(C=C(C(O)=O)C(=O)C2=CC(F)=C1N1CCNC(C)C1)C1CC1","substrate"
"CC1=CC=C2C=C3C(C=CC4=CC=CC=C34)=C3CCC1=C23","non-substrate"
"OC(=O)CCCC(O)=O","substrate"
"OC(CC(O)=O)CC(O)=O","substrate"
"CC(C(O)=O)C(O)=O","substrate"
"ClC1=CC(Cl)=C(C=C1)C(CN1C=CN=C1)OCC=C","non-substrate"
"CNC(=N/S(=O)(=O)N(C)C)N1CC(C(=N1)C1=CC=C(Cl)C=C1)C1=CC=CC=C1","non-substrate"
"CCN(CC)S(=O)(=O)NC(=NC)N1CC(C(=N1)C1=CC=C(Cl)C=C1)C1=CC=CC=C1","non-substrate"
"CNC(=N/S(=O)(=O)N(C)C(C)C)N1CC(C(=N1)C1=CC=C(Cl)C=C1)C1=CC=CC=C1","non-substrate"
"CCN(C)S(=O)(=O)N=C(/NC)N1CC(C(=N1)C1=CC=C(Cl)C=C1)C1=CC=CC=C1","non-substrate"
"CNC(=N/S(=O)(=O)N1CCCC1)N1CC(C(=N1)C1=CC=C(Cl)C=C1)C1=CC=CC=C1","non-substrate"
"CNC(=N/S(=O)(=O)N1CCCCCC1)N1CC(C(=N1)C1=CC=C(Cl)C=C1)C1=CC=CC=C1","non-substrate"
"CNC(=N/S(=O)(=O)N1CCCCCCC1)N1CC(C(=N1)C1=CC=C(Cl)C=C1)C1=CC=CC=C1","non-substrate"
"CNC(=N/S(=O)(=O)N1CCSCC1)N1CC(C(=N1)C1=CC=C(Cl)C=C1)C1=CC=CC=C1","non-substrate"
"CNC(=N/S(=O)(=O)N1CCS(=O)(=O)CC1)N1CC(C(=N1)C1=CC=C(Cl)C=C1)C1=CC=CC=C1","non-substrate"
"O[C@H]1[C@H](OC2=C(O)C=CC(C=CC(O)=O)=C2)O[C@@H]([C@@H](O)[C@@H]1O)C(O)=O","non-substrate"
"O[C@H]1[C@H](OC2=C(O)C=C(C=CC(O)=O)C=C2)O[C@@H]([C@@H](O)[C@@H]1O)C(O)=O","non-substrate"
"OC(=O)C=CC1=CC(OS(O)(=O)=O)=C(O)C=C1","non-substrate"
"OC(=O)C=CC1=CC(O)=C(OS(O)(=O)=O)C=C1","non-substrate"
"O[C@@H]1[C@@H](O)[C@H](OC2=C(O)C=CC(CCC(O)=O)=C2)O[C@@H]([C@H]1O)C(O)=O","non-substrate"
"O[C@@H]1[C@@H](O)[C@H](OC2=C(O)C=C(CCC(O)=O)C=C2)O[C@@H]([C@H]1O)C(O)=O","non-substrate"
"OC(=O)CCC1=CC(OS(O)(=O)=O)=C(O)C=C1","non-substrate"
"OC(=O)CCC1=CC(O)=C(OS(O)(=O)=O)C=C1","non-substrate"
"COC1=C(O[C@@H]2O[C@@H]([C@@H](O)[C@H](O)[C@H]2O)C(O)=O)C=CC(CCC(O)=O)=C1","non-substrate"
"COC1=C(OS(O)(=O)=O)C=CC(CCC(O)=O)=C1","non-substrate"
"COC1=C(O[C@@H]2O[C@@H]([C@@H](O)[C@H](O)[C@H]2O)C(O)=O)C=CC(C=CC(O)=O)=C1","non-substrate"
"COC1=C(OS(O)(=O)=O)C=CC(C=CC(O)=O)=C1","non-substrate"
"COC1=C(O[C@@H]2O[C@@H]([C@@H](O)[C@H](O)[C@H]2O)C(O)=O)C=C(C=CC(O)=O)C=C1","non-substrate"
"COC1=C(OS(O)(=O)=O)C=C(C=CC(O)=O)C=C1","non-substrate"
"CC1=CC=C2C(=O)C3=CC=CC(CC(=O)O[C@@H]4O[C@@H]([C@@H](O)[C@H](O)[C@H]4O)C(O)=O)=C3OC2=C1C","substrate"
"CC[C@@]1(O)C(=O)OCC2=C1C=C1N(CC3=C1N=C1C=CC=C(N)C1=C3)C2=O","substrate"
"CC[C@@]1(O)C(=O)OCC2=C1C=C1N(CC3=C1N=C1C=CC=C(C1=C3)[N+]([O-])=O)C2=O","substrate"
"COC1=C(O)C=C(C=C1)[C@@H]1CC(=O)C2=C(O)C=C(O[C@@H]3O[C@@H]([C@@H](O)[C@H](O)[C@H]3O)C(O)=O)C=C2O1","substrate"
"COC1=C(O[C@@H]2O[C@@H]([C@@H](O)[C@H](O)[C@H]2O)C(O)=O)C=C(C=C1)[C@@H]1CC(=O)C2=C(O)C=C(O)C=C2O1","substrate"
"OC1=CC(=CC(O)=C1O)C(=O)OC[C@H]1O[C@@H](OC(=O)C2=CC(O)=C(O)C(O)=C2)[C@H](OC(=O)C2=CC(O)=C(O)C(O)=C2)[C@@H](OC(=O)C2=CC(O)=C(O)C(O)=C2)[C@@H]1OC(=O)C1=CC(O)=C(O)C(O)=C1","substrate"
"CC[C@H](C)[C@@H]1N(C)C(=O)[C@H](OC(=O)[C@H](C(C)C)N(C)C(=O)[C@H](OC(=O)[C@H](C(C)C)N(C)C(=O)[C@H](OC1=O)C(C)C)C(C)C)C(C)C","substrate"
"COC1=CC=C(C=C1)C1=COC2=CC(O)=C(OS(O)(=O)=O)C(O)=C2C1=O","substrate"
"COC(=O)NC1=NC2=CC=C(C=C2N1)S(=O)C1=CC=CC=C1","substrate"
"COC(=O)NC1=NC2=CC=C(SC3=CC=CC=C3)C=C2N1","substrate"
"CCOC1=NC2=CC=CC(C(O)=O)=C2N1CC1=CC=C(C=C1)C1=CC=CC=C1C1=NN=NN1","non-substrate"
"CCOC1=NC2=CC=CC(C(=O)OC(C)OC(=O)OC3CCCCC3)=C2N1CC1=CC=C(C=C1)C1=C(C=CC=C1)C1=NNN=N1","non-substrate"
"CCCCC1=NC(Cl)=C(CO)N1CC1=CC=C(C=C1)C1=C(C=CC=C1)C1=NN=NN1","non-substrate"
"COC1=CC=C2N(C(=O)C3=CC=C(Cl)C=C3)C(C)=C(CC(=O)O[C@@H]3O[C@H]([C@@H](O)[C@H](O)[C@H]3O)C(O)=O)C2=C1","substrate"
"OC(=O)C1=CC2=C(C=C1)C(=O)OC21C2=CC(Cl)=C(O)C=C2OC2=C1C=C(Cl)C(O)=C2","substrate"
"OC(=O)C1=CC2=C(C=C1)C1(OC2=O)C2=CC(Cl)=C(O)C=C2OC2=C1C=C(Cl)C(O)=C2","substrate"
"C[C@H](CCC(=O)NCC(=O)NC1=CC2=C(C=C1)C1(OC2=O)C2=CC=C(O)C=C2OC2=C1C=CC(O)=C2)[C@H]1CCC2[C@@H]3[C@H](O)C[C@@H]4C[C@H](O)CC[C@]4(C)[C@H]3C[C@H](O)[C@]12C","substrate"
"CC(=O)OCOC(=O)CCC1=CC2=C(OC3=C(C=C(CCC(=O)OCOC(C)=O)C(OCOC(C)=O)=C3)C22OC(=O)C3=C2C=CC(=C3)C(=O)OCOC(C)=O)C=C1OCOC(C)=O","substrate"
"CC[C@@]1(O)C(=O)OCC2=C1C=C1N(CC3=C1N=C1C=CC=CC1=C3CCNC(C)C)C2=O","substrate"
"CN1CC[C@H]([C@@H](O)C1)C1=C2OC(=CC(=O)C2=C(O[C@@H]2O[C@@H]([C@@H](O)[C@H](O)[C@H]2O)C(O)=O)C=C1O)C1=C(Cl)C=CC=C1","substrate"
"C[C@H](CCC(=O)NCCS(O)(=O)=O)[C@H]1CC[C@H]2[C@@H]3[C@H](O)C[C@@H]4C[C@@H](CC[C@]4(C)[C@H]3CC[C@]12C)OS(O)(=O)=O","substrate"
"NC1=NC(=O)C2=C(NC=C2CCC2=CC=C(C=C2)C(=O)N[C@@H](CCC(O)=O)C(O)=O)N1","substrate"
"O=C1CCC2=CC(OCCCCC3=NN=NN3C3CCCCC3)=CC=C2N1","substrate"
"COC1=CC2=C(CN(CCC3=CC=C(NC(=O)C4=CC=C(C)C(NC(=O)C5=CN=C6C=CC=CC6=C5)=C4)C=C3)CC2)C=C1OC","substrate"
"COC(=O)C1=CC=C(C=C1NC(=O)C1=CN=CC=N1)C(=O)NC1=CC=C(CCN2CCC3=C(C2)C=C(OC)C(OC)=C3)C=C1","substrate"
"CCCCC[C@H](O)C=C[C@H]1[C@H](O)C[C@H](O)[C@@H]1CC=C/CCCC(O)=O","substrate"
"CCCCC[C@H](O)C=CC1=C(CCCCCCC(O)=O)C(=O)CC1","substrate"
"CC(=O)OCOC(=O)CN(CC(=O)OCOC(C)=O)CC1=C(OC(C)=O)C=C2OC3=CC(OC(C)=O)=C(CN(CC(=O)OCOC(C)=O)CC(=O)OCOC(C)=O)C=C3C3(OC(=O)C4=CC=CC=C34)C2=C1","substrate"
"CC(C)C[C@@H]1NC(=O)[C@H](NC(=O)[C@@H]2CCCN2C(=O)[C@@H](CC(O)=O)NC(=O)[C@@H](CC2=CNC3=CC=CC=C23)NC1=O)C(C)C","substrate"
"CCCS(=O)C1=CC=C2N=C(NC(=O)OC)NC2=C1","substrate"
"C(N1C=NC2=CC=CC=C12)C1=CC=CC(=C1)C1=NNN=N1","substrate"
"CC(C)C[C@@H]1NC(=O)[C@H](NC(=O)[C@@H]2C[C@H](CN2C(=O)[C@@H](CC(O)=O)NC(=O)[C@@H](CC2=CNC3=CC=CC=C23)NC1=O)OC(=O)[C@@H](N)CCCNC(N)=N)C(C)C","substrate"
"C(N1C=NC2=CC=CC=C12)C1=CC=CC(=C1)N1C=NN=N1","substrate"
"OC(=O)CCC1=CC2=C(OC3=C(C=C(CCC(O)=O)C(O)=C3)C22OC(=O)C3=CC(=CC=C23)C(O)=O)C=C1O","substrate"
"OC(=O)CCCC1=CC2=C(OC3=C(C=C(CCCC(O)=O)C(O)=C3)C22OC(=O)C3=CC(=CC=C23)C(O)=O)C=C1O","substrate"
"CC(=O)OC1=C(Cl)C=C2C(OC3=CC(OC(C)=O)=C(Cl)C=C3C22OC(=O)C3=CC(=CC=C23)C(O)=O)=C1","substrate"
"N[C@@H](CCC(=O)N[C@@H](CSC(=O)C1=CC2=C(C=C1)C1(OC2=O)C2=CC=C(O)C=C2OC2=CC(O)=CC=C12)C(=O)NCC(O)=O)C(O)=O","substrate"
"OC1=CC2=C(C=C1)C1(OC(=O)C3=C1C=CC(CCl)=C3)C1=CC=C(O)C=C1O2","substrate"
"CC(=O)OC1=CC2=C(C=C1)C1(OC(=O)C3=C1C=CC(CCl)=C3)C1=CC=C(OC(C)=O)C=C1O2","substrate"
"CC(=O)OC1=C(Cl)C=C2C(OC3=CC(OC(C)=O)=C(Cl)C=C3C22OC(=O)C3=CC=C(C=C23)C(O)=O)=C1","substrate"
"CC1=CC=CN2C(=O)C(=CN=C12)C#N","substrate"
"CC(=O)NC1=CC=C(SC[C@H](NC(=O)CC[C@H](N)C(O)=O)C(=O)NCC(O)=O)C=C1","substrate"
"CC(=O)OCOC(=O)CCCC1=CC2=C(OC3=C(C=C(CCCC(=O)OCOC(C)=O)C(OC(C)=O)=C3)C22OC(=O)C3=C2C=CC(=C3)C(=O)OCOC(C)=O)C=C1OC(C)=O.CC(=O)OCOC(=O)CCCC1=CC2=C(OC3=C(C=C(CCCC(=O)OCOC(C)=O)C(OC(C)=O)=C3)C22OC(=O)C3=C2C=C(C=C3)C(=O)OCOC(C)=O)C=C1OC(C)=O","substrate"
"COC1=CC(C=CC(=O)CC(=O)C[C@@H](SC[C@H](NC(=O)CC[C@H](N)C(O)=O)C(=O)NCC(O)=O)C2=CC(OC)=C(O)C=C2)=CC=C1O","substrate"
"CC(=O)OCOC(=O)CN(CC(=O)OCOC(C)=O)C1=CC=C(C)C=C1OCCOC1=C(C=CC(=C1)C1=C2C=C(Cl)C(=O)C=C2OC2=CC(O)=C(Cl)C=C12)N(CC(=O)OCOC(C)=O)CC(=O)OCOC(C)=O","substrate"
"N[C@@H](CCC(=O)NC(CSS(=O)(=O)C1=CC(=CC=C1O)C1(OC(=O)C2=C(Br)C(Br)=C(Br)C(Br)=C12)C1=CC=C(O)C(=C1)S(O)(=O)=O)C(=O)NCC(O)=O)C(O)=O","substrate"
"CC1=C2N(C=C(C(O)=O)C(=O)C2=C(N)C(F)=C1N1C[C@@H](N)C2(CC2)C1)C1CC1","substrate"
"CCCCCC=C/CC=C/C=C/C=C/[C@@H](SC[C@H](N)C(=O)NCC(O)=O)[C@@H](O)CCCC(O)=O","substrate"
"O[C@@H]1[C@H](O)[C@H](O[C@H]([C@@H]1O)C1=CC2=C(C=C1)C(=O)C[C@H](O2)C1=CC=C(O)C=C1)C(O)=O","substrate"
"CCCCCC=C/CC=C/C=C/C=C/[C@@H](SC[C@H](NC(C)=O)C(O)=O)[C@@H](O)CCCC(O)=O","substrate"
"CC1=CC=CN2C(=O)C(=CN=C12)C1=NN=NN1","substrate"
"CCCCC[C@H](O)C=C[C@H]1[C@H](O)C[C@H](O)[C@@H]1CCCCCCC(O)=O","substrate"
"O[C@@H]1C[C@@](C[C@@H](OC(=O)C=C(/N2C=NC3=NC=CC=C23)C2=CC=C(C=C2)C(O)=O)[C@@H]1O)(OC[C@@H]1C[C@@H]1C1=CC=C(Cl)C=C1)C(O)=O","substrate"
"O[C@@H]1C[C@@](C[C@@H](OC(=O)C=C(/N2C=NC3=NC=CC=C23)C2=CC=CC=C2)[C@@H]1O)(OC[C@@H]1C[C@@H]1C1=CC=C(Cl)C=C1)C(O)=O","substrate"
"CC[C@@]1(O)C(=O)OCC2=C1C=C1N(CC3=C1N=C1C=CC(O)=C(CN(C)C)C1=C3)C2=O","non-substrate"
"CC(C)CN(C[C@@H](O)[C@H](CC1=CC=CC=C1)NC(=O)O[C@H]1CCOC1)S(=O)(=O)C1=CC=C(N)C=C1","non-substrate"
"O[C@H]1[C@H](C[C@@H]([C@H](O)[C@@H]1O)C(O)=O)OC1=CC=C2C=CC(=O)OC2=C1","substrate"
"OC1=CC=C(C=C1)C1=C(C(=O)C2=CC=C(OCCN3CCCCC3)C=C2)C2=CC=C(O)C=C2S1","substrate"
"O[C@@H]1[C@@H](O)[C@H](OC2=CC3=C(C=C2)C(C(S3)C2=CC=C(O)C=C2)C(=O)C2=CC=C(OCCN3CCCCC3)C=C2)O[C@@H]([C@H]1O)C(O)=O","substrate"
"O[C@@H]1[C@@H](O)[C@H](OC2=CC=C(C=C2)C2SC3=C(C=CC(O)=C3)C2C(=O)C2=CC=C(OCCN3CCCCC3)C=C2)O[C@@H]([C@H]1O)C(O)=O","substrate"
"O[C@@H]1[C@@H](O)[C@H](OC2=CC=C(C=C2)C2SC3=C(C=CC(O[C@@H]4O[C@@H]([C@@H](O)[C@H](O)[C@H]4O)C(O)=O)=C3)C2C(=O)C2=CC=C(OCCN3CCCCC3)C=C2)O[C@@H]([C@H]1O)C(O)=O","substrate"
"CC(C)CN(C[C@@H](O)[C@H](CC1=CC=CC=C1)NC(=O)O[C@H]1CO[C@H]2OCC[C@@H]12)S(=O)(=O)C1=CC=C(N)C=C1","substrate"
"COC1=CC(NC(=O)C2=CN=C3C=CC=CC3=C2)=CC(=C1)C(=O)NC1=CC=C(CCN2CCC3=C(C2)C=C(OC)C(OC)=C3)C=C1","substrate"
"C[S+]([O-])CCCCN=C=S","non-substrate"
"CCCCCCCCCCSC[C@H](NC(=O)CC[C@H](N)C(O)=O)C(=O)NCC(O)=O","substrate"
"O=C(NC1=NC2=C(C3=C(CCCC3)S2)C(=O)S1)C1=CC=CC=C1","substrate"
"C[C@H](CCC(=O)NCC(=O)NC1=CC(C(O)=O)=C(C=C1)C1=C2C=CC(=O)C=C2OC2=CC(O)=CC=C12)[C@H]1CC[C@H]2[C@@H]3[C@H](O)C[C@@H]4C[C@H](O)CC[C@]4(C)[C@H]3C[C@H](O)[C@]12C","substrate"
"NC1=NC2=C(C3=C(CCCC3)S2)C(=O)S1","substrate"
"COC(=O)C1=CC=C(C=C1NC(=O)C1=CN=C2C=CC=CC2=C1)C(=O)NC1=CC=C(CCN2CCC3=C(C2)C=C(OC)C(OC)=C3)C=C1","substrate"
"N[C@@H](CCC(=O)N[C@H](CSC1=CC(=O)N2N1C=CC2=O)C(=O)NCC(=O)O)C(=O)O","substrate"
"CNC1=NC2=C(CC3=CC=CN=C3)C(C)=C(O[C@@H]3O[C@@H]([C@@H](O)[C@H](O)[C@H]3O)C(O)=O)C(C)=C2S1","substrate"
"CC1CN(CCN1)C1=C(F)C(C)=C2C(=O)C(=CN(C3CC3)C2=C1)C(=O)O[C@@H]1O[C@@H]([C@@H](O)[C@H](O)[C@H]1O)C(O)=O","substrate"
"COC1=CC(NC(=O)C2=CN=C3C=CC=CC3=C2)=C(C=C1OC)C(=O)NC1=CC=C(CCN2CCC3=CC(OC)=C(OC)C=C3C2)C=C1","substrate"
"COC1=CC=C(C=C1NC(=O)C1=CN=C2C=CC=CC2=C1)C(=O)NC1=CC=C(CCN2CCC3=C(C2)C=C(OC)C(OC)=C3)C=C1","substrate"
"COC1=C(O)C=C(C=C1O)C(=O)O[C@@H]1CC2=C(O[C@@H]1C1=CC(O)=C(O)C(O)=C1)C=C(O)C=C2O","substrate"
"COC1=CC2=C(CN(CCC3=CC=C(NC(=O)C4=CC(OC)=C(OC)C(NC(=O)C5=CN=C6C=CC=CC6=C5)=C4)C=C3)CC2)C=C1OC","substrate"
"CC(C)C1=C(C(=O)NC2=CC=CC=C2)C(=C(N1CC[C@@H]1C[C@@H](O)CC(=O)O1)C1=CC=C(F)C=C1)C1=CC=CC=C1","non-substrate"
"CC(C)C1=C(COC2=CC=C(C=CC3=CC=CC(=C3)C(O)=O)C(Cl)=C2)C(=NO1)C1=C(Cl)C=CC=C1Cl","non-substrate"
"CC1=C(C=C)C(NC1=O)=CC1=C(C)C(CCC(=O)NCCS(O)(=O)=O)=C(CC2=C(CCC(=O)NCCS(O)(=O)=O)C(C)=C(N2)C=C2/NC(=O)C(C=C)=C2C)N1","non-substrate"
"COC1=C(O)C=C(C=C1O)[C@H]1OC2=C(C[C@H]1OC(=O)C1=CC(O)=C(OC)C(O)=C1)C(O)=CC(O)=C2","substrate"
"CN1C(N)=NC2=NC=C(C=C12)C1=CC=CC=C1","substrate"
"COC(=O)NC1=NC2=CC=C(C=C2N1)C(=O)C1=CC=CS1","non-substrate"
"CCCCC(=O)N(CC1=CC=C(C=C1)C1=C(C=CC=C1)C1=NN=NN1)[C@@H](C(C)C)C(O)=O","substrate"
"C[C@]12CC[C@H]3[C@@H](CCC4=C3C=CC(OC3O[C@@H]([C@@H](O)[C@H](O)[C@H]3O)C(O)=O)=C4)[C@@H]1CC[C@@]2(O)C#C","substrate"
"CC(=O)S[C@@H]1CC2=CC(=O)CC[C@]2(C)[C@H]2CC[C@@]3(C)[C@@H](CC[C@@]33CCC(=O)O3)[C@H]12","non-substrate"
"COCC1=C(C2=CC=C(F)C=C2)C(C=C[C@@H](O)C[C@@H](O)CC(O)=O)=C(C(C)C)N=C1C(C)C","substrate"
"CCCCC1=NC=C(C=C(/CC2=CC=CS2)C(O)=O)N1CC1=CC=C(C=C1)C(O)=O","non-substrate"
"CC(C)C1=NC(=NC(C2=CC=C(F)C=C2)=C1C=C[C@@H](O)C[C@@H](O)CC(=O)O)N(C)S(=O)(=O)C","substrate"
"O[C@@H]1CC[C@@]2(C)[C@@H](CC[C@@]3(C)[C@H]2[C@H](O)C[C@H]2C([C@@H](OC(C)=O)C[C@]32C)=C(/CCC=C(C)C)C(=O)O)[C@@H]1C","non-substrate"
"O[C@H](C[C@H](O)C=CC1=C(N=C2C=CC=CC2=C1C1=CC=C(F)C=C1)C1CC1)CC(O)=O","substrate"
"CC1=C(C)C(=O)N2N1C(CSC[C@H](NC(=O)CC[C@H](N)C(O)=O)C(=O)NCC(O)=O)=C(C)C2=O","substrate"
"CS(=O)CCCCN=C=S","non-substrate"
"CN(CCCC(O[C@@H]1O[C@@H]([C@@H](O)[C@H](O)[C@H]1O)C(O)=O)C1=CN=CC=C1)N=O","substrate"
"OCCN(CCO)C1=NC(N2CCCCC2)=C2N=C(N=C(N3CCCCC3)C2=N1)N(CCO)CCO","non-substrate"
"CC1=CC=C(C=C1)C1=CC(=NN1C1=CC=C(C=C1)S(N)(=O)=O)C(F)(F)F","non-substrate"
"COCCOC1=C(OCCOC)C=C2C(NC3=CC=CC(=C3)C#C)=NC=NC2=C1","non-substrate"
"CC(=O)N1CCN(CC1)C1=CC=C(OC[C@H]2CO[C@@](CN3C=CN=C3)(O2)C2=C(Cl)C=C(Cl)C=C2)C=C1","non-substrate"
"CN=C(NCCSCC1=C(C)NC=N1)NC#N","non-substrate"
"[O-][N+](=O)C1=CC=C(O1)C=N/N1CC(=O)NC1=O","substrate"
"OC1=CC=C(C=C1)C1=CC(=O)C2=C(O)C=C(O)C=C2O1","non-substrate"
"CC(C)[C@@H]1NC(=O)[C@H](CCCCN)NC(=O)[C@@H](CC2=CNC3=CC=CC=C23)NC(=O)[C@H](CC2=CC=C(O)C=C2)NC(=O)[C@H](C)N(C)C(=O)[C@H](CC2=CC=CC=C2)NC1=O","substrate"
"NS(=O)(=O)C1=CC2=C(NCNS2(=O)=O)C=C1Cl","substrate"
"COC1=CC2=NC(=NC(N)=C2C=C1OC)N1CCN(CC1)C(=O)C1CCCO1","substrate"
"CC(C)[C@H](N)C(=O)OCCOCN1C=NC2=C1N=C(N)NC2=O","substrate"
"CC(C)NCC(O)C1=CC=C(NS(C)(=O)=O)C=C1","substrate"
"NNC(=O)C1=CC=NC=C1","substrate"
"CC(C)(C(O)=O)C1=CC=C(C=C1)C(O)CCCN1CCC(CC1)C(O)(C1=CC=CC=C1)C1=CC=CC=C1","substrate"
"COC1=C(OC)C=C(C=CC(=O)NC2=C(C=CC=C2)C(O)=O)C=C1","substrate"
"C[C@H]1O[C@H](C[C@H](O)[C@@H]1O)O[C@H]1[C@@H](O)C[C@H](O[C@H]2[C@@H](O)C[C@H](O[C@H]3CC[C@@]4(C)[C@H](CC[C@@H]5[C@@H]4C[C@@H](O)[C@]4(C)[C@H](CC[C@]54O)C4=CC(=O)OC4)C3)O[C@@H]2C)O[C@@H]1C","substrate"
"CN1CCC[C@H]1C1=CC=CN=C1","substrate"
"COC1=C(OC)C(OC)=C2C(CC[C@H](NC(C)=O)C3=CC(=O)C(OC)=CC=C23)=C1","substrate"
"CNC(=O)C1=CC=CN=C1","substrate"
"NC12CC3CC(CC(C3)C1)C2","substrate"
"CCN(CC)CCCC(C)NC1=C2C=CC(Cl)=CC2=NC=C1","substrate"
"CC1=CN([C@H]2C[C@H](N=[N+]=[N-])[C@@H](CO)O2)C(=O)NC1=O","substrate"
"OC1N=C(C2=CC=CC=C2)C2=C(NC1=O)C=CC(Cl)=C2","substrate"
"C[C@H](CS)C(=O)N1CCC[C@H]1C(O)=O","substrate"
"CC(NC(C)(C)C)C(=O)C1=CC(Cl)=CC=C1","substrate"
"OC1(CCN(CCCC(=O)C2=CC=C(F)C=C2)CC1)C1=CC=C(Cl)C=C1","substrate"
"C[C@]12CC[C@H]3[C@@H](CCC4=CC(=O)CC[C@H]34)[C@@H]1CC[C@@H]2O","substrate"
"COC1=CC(CC2=C(N)N=C(N)N=C2)=CC(OC)=C1OC","substrate"
"CC(C(O)=O)C1=CC(F)=C(C=C1)C1=CC=CC=C1","substrate"
"CNCC[C@@H](OC1=C(C)C=CC=C1)C1=CC=CC=C1","substrate"
"NC1=CC(C(O)=O)=C(O)C=C1","substrate"
"CN(C)[C@H]1[C@@H]2C[C@H]3C(=C(O)[C@]2(O)C(=O)C(C(N)=O)=C1O)C(=O)C1=C(O)C=CC=C1[C@@]3(C)O","substrate"
"OC1=CC(O)=C2C(=O)C=C(OC2=C1)C1=CC=CC=C1","non-substrate"
"C[C@]12C[C@H](O)[C@H]3[C@@H](CCC4=CC(=O)C=C[C@]34C)[C@@H]1CC[C@]2(O)C(=O)CO","substrate"
"CNC(NCCSCC1=CSC(CN(C)C)=N1)=C/[N+]([O-])=O","substrate"
"C[C@H]1C[C@H]2[C@@H]3CC[C@](O)(C(C)=O)[C@@]3(C)CC[C@@H]2[C@@]2(C)CCC(=O)C=C12","substrate"
"CC1=C(CC(O)=O)C2=CC(F)=CC=C2C1=CC1=CC=C(C=C1)S(C)(=O)=O","substrate"
"C[C@H](NCCC1=CC=C(O)C=C1)[C@H](O)C1=CC=C(O)C=C1","substrate"
"C[C@]12C[C@H](O)[C@H]3[C@@H](CCC4=CC(=O)CC[C@]34C)[C@@H]1CC[C@]2(O)C(=O)CO","non-substrate"
"CC#C[C@]1(O)CC[C@H]2[C@@H]3CCC4=CC(=O)CCC4=C3[C@H](C[C@]12C)C1=CC=C(C=C1)N(C)C","non-substrate"
"OC1=CC=C(C=C1)[C@@H]1CC(=O)C2=C(O1)C=C(O)C=C2O","non-substrate"
"CN(CC1=CN=C2N=C(N)N=C(N)C2=N1)C1=CC=C(C=C1)C(=O)N[C@@H](CCC(=O)N[C@@H](CCC(=O)N[C@@H](CCC(=O)N[C@@H](CCC(O)=O)C(O)=O)C(O)=O)C(O)=O)C(O)=O","substrate"
"COC1=C(OC)C=C(C=C1)C1=CC(=O)C2=C(OC)C(OC)=C(OC)C(OC)=C2O1","non-substrate"
"C[C@]12CC[C@H]3[C@@H](CCC4=CC(O[C@@H]5O[C@@H]([C@@H](O)[C@H](O)[C@H]5O)C(O)=O)=CC=C34)[C@@H]1CC[C@@H]2O","substrate"
"C[C@H](CCC(=O)NCC(O)=O)[C@H]1CC[C@H]2[C@@H]3[C@H](O)C[C@@H]4C[C@H](O)CC[C@]4(C)[C@H]3CC[C@]12C","non-substrate"
"CSCC[C@H](NC(=O)[C@H](CC1=CC=C(OS(O)(=O)=O)C=C1)NC(=O)[C@@H](N)CC(O)=O)C(=O)NCC(=O)N[C@@H](CC1=CNC2=CC=CC=C12)C(=O)N[C@@H](CCSC)C(=O)N[C@@H](CC(O)=O)C(=O)N[C@@H](CC1=CC=CC=C1)C(N)=O","substrate"
"CO[C@H]1C=CO[C@@]2(C)OC3=C(C)C(O)=C4C(O)=C(NC(=O)C(C)=C/C=C/[C@H](C)[C@H](O)[C@@H](C)[C@@H](O)[C@@H](C)[C@H](OC(C)=O)[C@@H]1C)C=C(O)C4=C3C2=O","non-substrate"
"CN1C(CC(O)=O)=CC=C1C(=O)C1=CC=C(C)C=C1","non-substrate"
"CCC1=C2NC3=C(CCOC3(CC)CC(O)=O)C2=CC=C1","non-substrate"
"OC(=O)CN(CC(O)=O)CC1=CC2=C(OC3=CC(O)=C(CN(CC(O)=O)CC(O)=O)C=C3C22OC(=O)C3=CC=CC=C23)C=C1O","substrate"
"ClC1=CC2=C(OC3=C(O2)C=C(Cl)C(Cl)=C3)C=C1Cl","non-substrate"
"O=C1C=C(OC2=CC=CC=C12)C1=CC=CC=C1","non-substrate"
"OC1=CC=C2C(OC(=C(O)C2=O)C2=CC(O)=C(O)C(O)=C2)=C1","non-substrate"
"OC1=CC(O)=C2C(OC(=C(O)C2=O)C2=CC(O)=C(O)C(O)=C2)=C1","non-substrate"
"COC1=C(O)C=C(C=C1)C1=C(O)C(=O)C2=C(O)C=C(O)C=C2O1","non-substrate"
"COC1=CC=NC(CS(=O)C2=NC3=CC(OC(F)F)=CC=C3N2)=C1OC","substrate"
"O=C1C=C(OC2=C1C1=CC=CC=C1C=C2)C1=CC=CC=C1","non-substrate"
"OC(=O)C1=CN(C2CC2)C2=CC(N3CCNCC3)=C(F)C=C2C1=O","substrate"
"C[C@H]1CCC[C@@H](O)CCCC=CC2=CC(O)=CC(O)=C2C(=O)O1","substrate"
"OS(=O)(=O)OC1=C2C=CC3=CC4=CC=CC=C4C4=C3C2=C(C=C1)C=C4","substrate"
"O=C1NC(=O)C(C(=O)N1)(C1=CC=CC=C1)C1=CC=CC=C1","substrate"
"COCN1C(=O)NC(=O)C(C1=O)(C1=CC=CC=C1)C1=CC=CC=C1","substrate"
"COCN1C(=O)N(COC)C(=O)C(C1=O)(C1=CC=CC=C1)C1=CC=CC=C1","substrate"
"CCCCCCCCCCCCCCCCCC(=O)OCC(O)CO","non-substrate"
"CCC1=C2OCOC2=CC(=C1)C1=C(N(C2=C(C=CC=C2)C(F)(F)F)S(=O)(=O)C2=CC=CC=C12)C(O)=O","non-substrate"
"CCCCC1=NC2(CCCC2)C(=O)N1CC1=CC=C(C=C1)C1=CC=CC=C1C1=NN=NN1","substrate"
"CC(CCC(O)C(C)(C)O)=C/COC1=C2C=COC2=CC2=C1C=CC(=O)O2","non-substrate"
"O[C@@H]1[C@@H](O)[C@H](OC2=C(O)C=C3OC(=CC(=O)C3=C2O)C2=CC=C(O)C=C2)O[C@@H]([C@H]1O)C(O)=O","substrate"
"O[C@@H]1[C@@H](O)[C@H](OC2=C(O)C(O)=C3C(=O)C=C(OC3=C2)C2=CC=C(O)C=C2)O[C@@H]([C@H]1O)C(O)=O","substrate"
"FC(F)(F)[C@]1(OC(=O)NC2=CC=C(Cl)C=C12)C#CC1CC1","non-substrate"
"COC1=C2NC3=C(C=CC=C3C(=O)C2=CC=C1)C(=O)NC1=CC=C(CCN2CCC3=CC(OC)=C(OC)C=C3C2)C=C1","non-substrate"
"C\C=C\C[C@@H](C)C(=O)[C@@H]1N(C)C(=O)[C@H](C(C)C)N(C)C(=O)[C@H](CC(C)C)N(C)C(=O)[C@H](CC(C)C)N(C)C(=O)[C@@H](C)NC(=O)[C@H](C)NC(=O)[C@H](CC(C)C)N(C)C(=O)[C@@H](NC(=O)[C@H](CC(C)C)N(C)C(=O)CN(C)C(=O)[C@@H](NC1=O)C(C)C)C(C)C","non-substrate"
"COC1=CC=C2C(NC3=C2C[C@@H]2N([C@H]3C=C(C)C)C(=O)[C@@H]3CCCN3C2=O)=C1","non-substrate"
"COC1=CC=C2C(NC3=C2C[C@@H]2N([C@H]3C=C(C)C)C(=O)[C@@H]3CCCN3C2=O)=C1","substrate"
"CN(C)C(=O)CCSC(SCCC(=O)O)c1cccc(\C=C\c2ccc3ccc(Cl)cc3n2)c1","non-substrate"
"C[C@@H]1C[C@@H](C)OP(=O)(O1)c2c(C)nc(C)c(C(=O)OCCN3CCN(CC3)C(c4ccccc4)c5ccccc5)c2c6cccc(c6)[N+](=O)[O-]","non-substrate"
"CC(C)NC1=C(N=CC=C1)N1CCN(CC1)C(=O)C1=CC2=CC(NS(C)(=O)=O)=CC=C2N1","non-substrate"
"CO[C@H]1[C@@H](C[C@@H]2CN3CCc4c([nH]c5cc(OC)ccc45)[C@H]3C[C@@H]2[C@@H]1C(=O)OC)OC(=O)c6cc(OC)c(OC)c(OC)c6","non-substrate"
"Clc1ccccc1C(c2ccccc2)(c3ccccc3)n4ccnc4","non-substrate"
"[H][C@]12[C@H](C[C@@H](C)C=C1C=C[C@H](C)[C@@H]2CC[C@@H]1C[C@@H](O)CC(=O)O1)OC(=O)[C@@H](C)CC","substrate"
"NC1=NC(=O)N(C=C1F)[C@@H]1CS[C@H](CO)O1","non-substrate"
"CN1N=NN=C1SCC1=C(N2[C@H](SC1)[C@H](NC(=O)[C@H](O)C1=CC=CC=C1)C2=O)C(O)=O","non-substrate"
"C[C@H](CN1C=NC2=C(N)N=CN=C12)OCP(O)(O)=O","non-substrate"
"NC1=NC(=O)C2=C(NCC(CNC3=CC=C(C=C3)C(=O)N[C@@H](CCC(O)=O)C(O)=O)N2C=O)N1","substrate"
"CCCc1nc(c(C(=O)O)n1Cc2ccc(cc2)c3ccccc3c4nnn[nH]4)C(C)(C)O","substrate"
"CO[C@H]1\C=C\O[C@@]2(C)Oc3c(C)c(O)c4c(O)c(NC(=O)\C(=C/C=C/[C@H](C)[C@H](O)[C@@H](C)[C@@H](O)[C@@H](C)[C@H](OC(=O)C)[C@@H]1C)\C)c(\C=N\N5CCN(C)CC5)c(O)c4c3C2=O","non-substrate"
"CC[C@@H]1NC(=O)[C@H]([C@H](O)[C@H](C)C\C=C\C)N(C)C(=O)[C@H](C(C)C)N(C)C(=O)[C@H](CC(C)C)N(C)C(=O)[C@H](CC(C)C)N(C)C(=O)[C@@H](C)NC(=O)[C@H](C)NC(=O)[C@H](CC(C)C)N(C)C(=O)[C@@H](NC(=O)[C@H](CC(C)C)N(C)C(=O)CN(C)C1=O)C(C)C","non-substrate"
"N[C@@H](CCC(=O)N[C@H](CSCc1ccc(C2=C3C=CC(=O)C=C3Oc4cc(O)ccc24)c(c1)C(=O)O)C(=O)NCC(=O)O)C(=O)O","substrate"
"O[As](O)O","non-substrate"
"CC[C@]1(O)C[C@@H]2CN(CCc3c([nH]c4ccccc34)[C@@](C2)(C(=O)OC)c5cc6c(cc5OC)N(C)[C@H]7[C@](O)([C@H](OC(=O)C)[C@]8(CC)C=CCN9CC[C@]67[C@H]89)C(=O)OC)C1","substrate"
"CO[C@H]1C[C@@H](O[C@@H](C)[C@@H]1O)O[C@H]1[C@H](C)O[C@H](C[C@@H]1OC)O[C@H]1[C@@H](C)\C=C\C=C2/CO[C@@H]3[C@H](O)C(C)=C[C@@H](C(=O)O[C@H]4C[C@@H](C\C=C1/C)O[C@@]1(CC[C@H](C)[C@@H](C(C)C)O1)C4)[C@]23O.CC[C@@H](C)[C@H]1O[C@@]2(CC[C@@H]1C)O[C@@H]1C\C=C(C)\[C@@H](O[C@@H]3O[C@@H](C)[C@H](O[C@@H]4O[C@@H](C)[C@H](O)[C@@H](OC)C4)[C@@H](OC)C3)[C@@H](C)\C=C\C=C3/CO[C@@H]4[C@H](O)C(C)=C[C@@H](C(=O)O[C@@H](C1)C2)[C@]34O","non-substrate"
"CC(=O)NC1=CC2=C(C=C1)C1=C(C2)C=CC=C1","non-substrate"
"COc1ccc(Cl)cc1C(=O)NCCc2ccc(cc2)S(=O)(=O)NC(=O)NC3CCCCC3","non-substrate"
"CCC(C)(C)C(=O)O[C@H]1C[C@@H](C)C=C2C=C[C@H](C)[C@H](CC[C@@H](O)C[C@@H](O)CC(O)=O)[C@@H]12","non-substrate"
"CCC(C)(C)C(=O)O[C@H]1C[C@@H](C)C=C2C=C[C@H](C)[C@H](CC[C@@H](O)C[C@@H](O)CC(O)=O)[C@@H]12","substrate"
"NC1=NC(NC2CC2)=C2N=CN([C@@H]3C[C@H](CO)C=C3)C2=N1","non-substrate"
"N[C@@H](CCC(=O)N[C@H](CSc1ccc(cc1[N+](=O)[O-])[N+](=O)[O-])C(=O)NCC(=O)O)C(=O)O","substrate"
"CC[C@H](C)C(=O)O[C@H]1C[C@@H](C)C=C2C=C[C@H](C)[C@H](CC[C@@H](O)C[C@@H](O)CC(O)=O)[C@@H]12","non-substrate"
"CC[C@H](C)C(=O)O[C@H]1C[C@@H](C)C=C2C=C[C@H](C)[C@H](CC[C@@H](O)C[C@@H](O)CC(O)=O)[C@@H]12","substrate"
"CC(C)(C)c1cc(O)ccc1O","non-substrate"
"CCC1(C(=O)NC(=O)NC1=O)c2ccccc2","non-substrate"
"Oc1cc(O)c2C[C@@H](OC(=O)c3cc(O)c(O)c(O)c3)[C@H](Oc2c1)c4ccc(O)c(O)c4","substrate"
"COC1=CC=CC2=C1C(=O)C1=C(O)C3=C(C[C@](O)(C[C@@H]3O[C@H]3C[C@H](N)[C@H](O)[C@H](C)O3)C(C)=O)C(O)=C1C2=O","non-substrate"
"CC(C)(C)NC(=O)[C@@H]1CN(Cc2cccnc2)CCN1C[C@@H](O)C[C@@H](Cc3ccccc3)C(=O)N[C@@H]4[C@H](O)Cc5ccccc45","substrate"
"C[C@]12CC[C@H]3[C@@H](CCC4=C3C=CC(O)=C4)[C@@H]1CC[C@@H]2O[C@@H]1O[C@@H]([C@@H](O)[C@H](O)[C@H]1O)C(O)=O","substrate"
"Cl.Cl.Cl.O[C@@H](COC1=CC=CC2=NC=CC=C12)CN1CCN(CC1)[C@@H]1C2=CC=CC=C2[C@@H]2[C@H](C3=CC=CC=C13)C2(F)F","non-substrate"
"OC1=CC=C2C=CC(=O)OC2=C1","substrate"
"[H][C@@]1(CC[C@@]2([H])[C@]3([H])[C@@H](O)C[C@]4([H])C[C@H](O)CC[C@]4(C)[C@@]3([H])CC[C@]12C)[C@H](C)CCC(O)=O","non-substrate"
"NC1=NC(=O)N(C=C1)[C@@H]1CS[C@H](CO)O1","non-substrate"
"CC1=C(SSC1=S)c2cnccn2","non-substrate"
"NC(=O)N1C2=CC=CC=C2C=CC2=C1C=CC=C2","non-substrate"
"CCCC1=NC2=C(C)C=C(C=C2N1CC1=CC=C(C=C1)C1=C(C=CC=C1)C(O)=O)C1=NC2=CC=CC=C2N1C","non-substrate"
"CC(=O)O[C@@]12CO[C@@H]1C[C@H](O)[C@]1(C)[C@@H]2[C@H](OC(=O)C2=CC=CC=C2)[C@]2(O)C[C@H](OC(=O)[C@H](O)[C@@H](NC(=O)OC(C)(C)C)C3=CC=CC=C3)C(C)=C([C@@H](O)C1=O)C2(C)C","substrate"
"CCN(CC)CCNC(=O)C1=C(C)NC(C=C2/C(=O)NC3=C2C=C(F)C=C3)=C1C","non-substrate"
"C[C@H](CCC(=O)NCCS(O)(=O)=O)[C@H]1CC[C@H]2[C@@H]3CC[C@@H]4C[C@@H](CC[C@]4(C)[C@H]3CC[C@]12C)OS(O)(=O)=O","substrate"
"O[C@@H]1[C@@H](O)[C@H](OC2=C(O)C(O)=C3C(=O)C=C(OC3=C2)C2=CC=CC=C2)O[C@@H]([C@H]1O)C(O)=O","non-substrate"
"CC[C@H]1OC(=O)[C@H](C)[C@@H](O[C@H]2C[C@@](C)(OC)[C@@H](O)[C@H](C)O2)[C@H](C)[C@@H](O[C@@H]2O[C@H](C)C[C@@H]([C@H]2O)N(C)C)[C@](C)(O)C[C@@H](C)C(=O)[C@H](C)[C@@H](O)[C@]1(C)O","substrate"
"O[C@@H]1[C@@H](O)[C@H](OC2=CC=C(C=C2)[N+]([O-])=O)O[C@@H]([C@H]1O)C(O)=O","substrate"
"CC(C)N(CCC(C(N)=O)(C1=CC=CC=C1)C1=NC=CC=C1)C(C)C","substrate"
"CC(C)N(CCC(C(N)=O)(C1=CC=CC=C1)C1=NC=CC=C1)C(C)C","non-substrate"
"O[C@@H]1[C@H](OC2=C(C(O)=CC(O)=C2)C1=O)C1=CC=C(O)C(O)=C1","substrate"
"CC(=O)NC1=CC=C(C=C1)S(=O)(=O)NC1=CC=C(C=C1)[N+]([O-])=O","non-substrate"
"CN1CCC[C@H]1C1=CC=C[N+](=C1)[C@@H]1O[C@@H]([C@@H](O)[C@H](O)[C@H]1O)C(O)=O","non-substrate"
"CN1[C@@H](CCC1=O)C1=CC=C[N+](=C1)[C@@H]1O[C@@H]([C@@H](O)[C@H](O)[C@H]1O)C(O)=O","non-substrate"
"O[C@@H]1CC2=C(O[C@@H]1C1=CC(O)=C(O)C=C1)C=C(O)C=C2O","substrate"
"OC(=O)C1=CC2=C(C=C1)C1(OC2=O)C2=CC(Cl)=C(O)C=C2OC2=C1C=C(Cl)C(O)=C2.OC(=O)C1=CC2=C(C=C1)C(=O)OC21C2=CC(Cl)=C(O)C=C2OC2=C1C=C(Cl)C(O)=C2","substrate"
"CN1CC[C@]23[C@H]4OC5=C(O[C@@H]6O[C@@H]([C@@H](O)[C@H](O)[C@H]6O)C(O)=O)C=CC(C[C@@H]1[C@@H]2C=C[C@@H]4O)=C35","substrate"
"CC(=O)NC1=CC=C(O)C=C1","non-substrate"
"CCCC1=NC(=C(N1CC1=CC=C(C=C1)C1=C(C=CC=C1)C1=NN=NN1)C(=O)OCC1=C(C)OC(=O)O1)C(C)(C)O","substrate"
